Protein	Lysines_list
Q14151	293;225;517;230;65;385;252;395;391;94;524;541;551;388;355;380;586;578;525;501;284;188;163;199;350;545;542
P46060	524;452;15;586
P11388	1240;1228;1385;662;1196;639;1075;622;489;625;440;254;131;1238;1259;584;261;1267;519;1088;599;265;386;529;321;1422;614;520;207;499;1459;397;1204;96;1068;227;632;1442;676;156;466;535;512;1454;1096;1276;1199;1283;1286;425;17;1138;352;418;1201;1062;416;480;1114;1184;655;949;278;134;1484;336;346;101;1370;1363;123;1373;1159;1492
Q13263	750;779;804;377;469;575;507;554;185;254;319;774;366;31;434;390;407;261;188;337;770;484;213;676;400;272;695;296;304;127;199
P61956	11;5;7;42;45;21;33
Q96T23	277;294;456;254;309;419;323;670;284;390;758;243;337;306;415;677;358;698;305;463;215;327;565;320;498;248;236;252;709;342;288;381;662;439;761;373;799
P52272	698;17;145;83;685;381;388;37;134;143;667;242;716;88;672;345;110;277;126;127;239;120;692;55;69;94;651;221;322;285
Q5VZL5	250;273;430;1431;195;1127;1035;1224;1231;149;1180;153;260;429;289;511;757;201;1061;163;1115;1131;1394;824
Q9NX24	5;3;111;130
O15164	723;741;801;711;992;875;1012;702;940;205;436;7;899;336;892;641;1041;949
P29590	490;160;65;380;460;394;497;401;478;426;400;476;616;623;487
Q9Y2X3	467;497;415;426;444;422;221;494;206;411;441;37;323;418;485;353;450;99;21;93;337;390;465
Q8IX12	1012;1067
Q9BUJ2	117;142;539;146;449;162;440;527;517;270;309;551
P55854	11;32;7;20;5
Q9UPN9	776;793;769;1057;861;763;953;481;280;389;334;1118;839;796;468;1043;394;329;936;774;1007
Q8TAD8	30;108;245;5
O43290	141;709;147;188;336;454;329;699;742;758;94
Q2TB10	409;132;476
P78347	991;488;221;456;561;94;494;891;372;343;664;86;140;816;715;130;353;378;240;896;879;752;450;526;477;807;160;219;660;380;645;806;177;435;861;736;744;74;363;827;185;982;670;266;756;644;680;78;126;539;729
P09874	486;512;203;467;337;249;748;105;528;192;262;331;97;653;747;400;637;148;433;654;409;802;518;796;761;838;182;165;498;269;394;418;505;346;87;142;700;940;564;629;15;662;548;579;253;600
P55265	418;384;1003;715;580;408;798;944;875
P15408	222;35
Q9Y4E5	706;288;832;779;845;817;139;827;434;852;423;464;843;664;75;106;790;731;144;992;446;302;220;77;428;643;357;153;993;283;454;750;275;811;748;316;647;605;452;585;971;777;409;381;796;99;301;167;309;622;470;270;219;349;543;632
O60885	1111;694;99;1153;585;1050;1197
P63279	49;48;101;65;153
Q16649	219;337;306;412;419;394;424;406;434;156;214;314;448;326;10;72
Q96C00	286;372;293;307;311;382
Q8ND82	75;273;167;5;174;126;266;55;522;33;289;723;113;737;509;241;574;221;187;564;180;282;72;604
Q92766	615;885;913;857;551;593;347
Q13506	480;333;129;355;477;369;212;373;454;465
Q9ULJ3	40;879;469;430;255;337;763;617
Q9NYF8	831;580;676;501;491;548;437;550;536;332;778;462;335;421;842;567;445;457;413;845;731;168
Q60FE5	272
Q9UGU0	929;1446;844;1510;1098;1524;1613;1615
P06748	32;267;248;263;215;257;141;223;150;250;239;54;202;229;134;273;73;189;27;24;292;212;230
P62979	11;27;48;6;33;63;99;104;113
P63165	7;37;17;16;23;25;48;39;45;78
Q8N680	505;362;154;147;388;455;506
Q86U86	1293;638;1642;1308;425;154;653;549;1167;591;569;96
Q9H0E9	481;509;612;575;493;469;391
O75533	413;468;214;298;182;1008;81;430;252;816;454;499
P11387	117;153;148;336;354;164;549;712;223;196;103;172;204;134;158
Q9UKV3	532;315;305;879;1107;732;811;872;375
Q07666	102;185;175;194;96;131;200;165
Q8N5C6	185;134;166;167;84;671;342;955;104;459;132
Q96FV9	595;31;408;580
Q14980	1766;1699
P08758	29;193;108;126;70
Q9H2Y7	911;1737;1265;1504;371;775;1486;1585;1573;1880;1395;365;243;133;356;1200;721;287;1380;603;671;1454;492;1292;377;69;477;451;633;953;461;684;1299;578;625;515;437;905;705;739;76;525;144
Q13569	330;248;258;201;246
Q8NHM5	890;974;703;884
Q9Y4E5-4	130;490;286;522;532;164;138;121;508;263;240;247;226;500;333;537;505;356;473;369;313
Q13547	476;89;444;457;242;220;66;74;403;466;456;464;58;279;438;480;412;361;218
Q9NWK9	459;138;200;118;79;162;153;143;173;249;375;464;108;183;446;198;10;298;246;382;321;329;214;229
Q969G3	92;277;146;166;131
Q15047	1032;1069;355;1149;402;1038;715;182;228;1050;980;349
Q14149	650;651;740;794;597;855;280;834;389;274;152;163;844;677;386;79;329;710;555;191;231;464;205
O15446	314;270;355
Q06265	297;419;274;2;281;67
P63261	113;326;328;315;284;215
Q9UIG0	826;1089;1107;1129;225;1318;483;785;231;343
Q92797	361;483;1239;473;1103
P46100	1982;623;1546;438;1004;1498;1774;153;2076;299;1725;2261;1488;1530;2283;2272;2097;1536;2067;1227;1987;1802;10;1584;589;138;911;1650;882;1830;2385;142;1701;1274
O95785	1523;1282;1112;1372;1382;1356;1560;1534;1370;1343;1177;1186;1477;1630;955;1175
P07910	229;232;243;50;223;8;42;176;250;244;284;39;94;89;29;30
Q14692	810;415;762;399;646;691;652;418;659;279;1152;1275
Q13129	839;1599;1423;1611;539;1396;1696;1492;1673;693;1762;835;1747;710
Q03933	82;139;135;151;218;2;97;159;128;51;210;420;120;414
P37275	493;504;515;347;548;553;774;290;331
Q02447	551
Q14839	1304;1572;1565;1670;1647;711;1643;696;618;1606;1529;1212;1624;1528;1584;1617;1844;1636;1660;146;635;1663;200;1239;1191;594;668;192;1057;1252;297;1837
Q9H582	346;762;718;39;1094;658;676;1165;712;645;553;1157;1031;641;589;319;627;1088;720;1133;1205;339;733;763;662;213;1050;843;743;1176;835;795;263;388;1110;485;390;962;1023;752;1164;1091
Q9UHF7	766;1201;850;1003;1192;645;737;1040
Q9HC78	330;576
Q5JSL0	101;67;124
P46013	2734;1035;2009;2852;1093;2492;2613;892;245;552;204;1188;2967;1703;749;2398;1197;2280;219;587;745;136;379;163;2430;414;172;933;50;1337;939;1022;346;1561;764;150;1805;331;1927;1319;721;697;1004;560;537;404;145;160;957;1307;1130;906;1165;760;548;1409;1734;1208;1123;344;463;141;1153;1517;1069;1883
P62807	6;109;117;21;12;121;47;58;44;35
P17028	27;367;236;203;147;22;333;277;361;342;314;286
Q96JM2	20;1946;2104;1243;2004;631;2462;1698;986;1006
Q96RE7	167;483;452;498;318
P43487	190
P61978	422;405;163;34;60;219;168;21;179;198;52
Q8NAP3	43;145;758;814;557;977;1183;981;259;1132;842;821;572;1017;550;11;1135;148
P43243	491;487;522;3;245;736;617;515;555;716;132;719;770;524;269;565;625;478;464;640;630
P17275	240;4;304;36;33;343;51
Q9H040	423;484;303;435;241;213;428;256;280;271;227;211;341;361;230;384;239;414;376;407
P01100	265;128;113;176
Q96FZ2	339;275;342;148;306;89;37;297;225;349;44;239;83;321;302;276
Q96LW9	14;149;215
P05423	302;141;220;285;78;288;199;206;152;190;68;396;310;328;160;72
Q969R5	700;675;151;124;659;647;405
Q13428	755;1414;600;732;1238;470;37;1248;507;811;449;746;725;591;1244;828;1259
Q5T5X7	20;129;176;512;528;427;142;158;792;56;58
O43390	13;584;366;171;389
O60832	413;394;39;467;424;80;11;61;43;433;20;191;443;46;144;425;385
P12004	164;254;117;248;77;80
Q9UHL9	271;443;638;787;829;724;225;337;212;308;684;495;579;735;379;807;294;588;648;593
O75928	443;249;489;430;452;380;56;46;162;79;435;127;237
O75925	238;315;137;46;58;56;40;8;117;408;152;453;369;419;420;493;34;339;226
Q9UGL1	242;278;209;1121;769;266;1136;1166;196;274;446;119;995
Q6NT76	413;161;174;310;60
Q5PSV4	240;246
P62316	8;18
P17676	174;260;332;187;133;262;185;275;132
Q9Y2K1	328;265;340;200;3;316;275;137;346;487;125;283;194;303;459
Q4LE39	429;440;517;1062;751;681
O43513	185
Q8NB50	82;748;65;587;244;727;160;260;792;540;316;428
Q5SVZ6	25;284;315;98;671;1140;929;281;268;2;93;298;273;338;106;432
Q9UBW7	88;98;529;649;297;532;417;325;441;938;104;348;366;576;1282;1257;829;700;603;477;1080;513;1275;1099;491;658;503;312;638;688;665;709;812;588;859;328;1305;853;340;147;615;713;1159;757
P23497	297;306;366;241;151;594
Q12888	1434;217;1563;930;868;984;1365;680;498;1129
O75376	1106;1869;260;1998;2197;1389;1412;1439;1319;904;1080;273;1468;1428;2209;1518;1400;1226;1215;1207;1434
Q6PJT7	175;413;139;198;357;84;160
Q92769	481;462;243;452;362;458
P49792	1414;2571;2592;2531;1605;2792;2594;2181;2612;1350;2554;2424;2022;1899;1458;2522;822;335;1851;1324;1985;2396;2513;1596;1533
O94916	556;603;276;317
Q9H307	157;365;528;304;109;553;536;359;108;121;311
P61247	249;34;56;222;182;199;94;46;109;27
Q9BZ95	218;245;1151;467;502;494;613;554;527;1215;146;600
Q03112	533;367;953;698;447;2;61;564;104;877;242
O43795	287
O14503	279;167;159
X6RAL5	32;19;133
O75152	478;114;381;619;310;60;221;140;595;712;540;699;635;553;124;654;359;269;215;205;77;231;659;684;650;349;441;404
Q8N0Y2	8;190
P12956	556;510;297;123;9;317;287;338;526;424;331;351;539;451;461;575;565;114;31;443;570;357;100;189;596;282;468
Q96BD5	65;342;71;539
P45973	102;32;154;91;106
Q01831	81;161;367;41;89
Q8N3X1	348;519;335
P61254	136;2;110;69;63;142;134;36;51;28
Q6P1J9	301;283;161;198;136;257;209;181;385;321;308;247;331;37;34;137;503;433
Q02880	1227;1271;1250;373;643;1440;1456;646;228;461;683;605;437;600;1214;1092;1217;1398;487;155;342;471;712;550;446;33;1109;407;627;34;439;363;367;1083;221;152;1226;979;635;1304;212;144;299;357;1327
Q6P1R3	268;343
Q9UBT2	236;316;420;164;371;257;630;271;253;153;409;308;245;277;617;152;540;190;472;427;77;486;467;505;324;241;553;623
Q03112-3	190;1161;99;787;1136;1062;303;685;1027;1129;1158;622;835;735;374;1193;364
P18615	78;355;47
Q16666	561;116;683;444;674;500;55;767;190;451;83;743;598;734;732
Q9NS56	76;701;88;83;760;819;73;102;249;837;557;159;135;547;711
Q9UPW6	350;30;161;24;233
P18887	176;369
P02545	378;420;97;311;233;260;417;208;270;219;470;366;450;597
P17844	53;411;523;391;470;437;207;343;351;388;56;451;284;264;91
P11021	352;353
P49750	858;788;1457;1829;716;1401
Q9Y2W1	451;486;705;711;389;470;427;396;202;467;527;461;697;421;756;387;346;551;353;876;333;709;759
O75820	88
Q96RL1	20;382;635;607;31;90;544;587;642;245;9;188;112;166;697;75;308;696;374;559;215;345;232;387;358;318;372;567;480;485;562
Q13185	103;21;5;10;154;81;34
Q15233	96;99;5;371;239;198;243;295;290;467;126;279;107;190;60;64;249;11;272;109;68;338;18
P22626	120;22;104;152;173;168;112;186;137;59;46;3
O00257	280;212;223;494;205;278;149;249;106;114;178;320;77;167;157;140;197;365
Q00839	265;609;670;524;565;635;664;551;215;343;17;536;626;516
Q9ULM3	1110;592;1130;552;189;9;773;1285;1222;577;1167;630;644;649;923;41;906;113;930;1276;1308
Q13111	182;795;467;544;439;162;236;872;47;459;884;513;870
Q7Z6I8	75;184;49;146
Q86YP4	487;451;93;464;30;349;550;135;605;585;233;204;27;576
Q9Y2X9	128;225;795;622;787;416;498;325;477;373;101;670;539;232;840;409;464;617;523;661;222;818;599;213;259;2;346;493
Q9ULU4-7	665;12;631;410;550;525;428;433;473;512;314;1164
Q01780	583;710;826;873;168;19;201;483;736;205;150;633;210;539;178;592;725;186;835
P41212	11;302;254;288;403;421
Q9UIS9	538;440;422;499;558;548;502
Q8N1G0	285;336;451;902;439;372;435;464;1043
Q14676	1840;616;1413;1790;1749;2071
Q99081	519;550;609;653;571
P04150	277;498;681;254;293;703;348;677
Q9UQR0	252;536;13;545;605;161;599;177;318;332;621;184;518;680;513;248;270;592;487
Q6AHZ1	994;713;357;24;1446;433;101;64;1015;1121;392;1185;1397;889;464;524;834;416;1083;986;692;927;1048;1060;1134;1075;425;1108;825;1054;902;54;596;123;6;448;831;569
O15525	14;155
Q5H9F3	1092;747;964;1050
P14316	137;293
Q6P2D0	145;105;74
Q9UKY1	454;441;485;159;629;210;499;185;626
A6NHR9	1374;2002;784;1976;965;450;177;812;1029;1918;1703;1496;1717;1924
O75717	1127;397;840;200
O15015	1157;1168;1178;534;557
Q9BVP2	99;114;275;196;444;332;253;434;467;237;185;267;91;172
Q8IWI9	2199;2074;2096;2245;570;654;349;1162;1946;329;2155;2590;382;444;966;2507;1199;2339;178;2120;2365;465;1461;1425;3002;4;592;1930;598;817;432;59;1396;2896;1310;1502;2418;1448;2100
Q5VUA4	578;547;281;483;1824;1297;1854;444;1264;1418
Q9Y3B9	239;108;149;208;187
Q96QT6	467;900;603;991
Q9ULV3	705;588;340;373;401;777;280;830;717
O00232	92;15;448
Q96T88	670;600;385;500;525;279;546;626;692;570;399;84;668;187;162;531;24;563
Q96CB8	68;254;105;122;347;329;15;309;320;341;242;229;370;361;85;58
Q08J23	660;46;111;640;464;516;654;692;650;100;445;28;43;356;470;144;179;365;711;565;497;257;441;577;286;511;579;369;279;88;557
O00567	540;240;564;90;143;422;87;230;514;227;333;396;158;375;242
Q13523	117;170
Q9NYD6	215;254;106;203;55;195
P38919	19;60;70;242;314;152;289;296
Q14865	803;935;1013;774;893;988;445;105;920;629;130;494;810;308;145;496
P42568	339
Q9P0W2	31;71;6;208;144;156;306;110
Q9Y265	2;225;265;171
P11474	403;51;14;189;68
Q70SY1	178;325;500;339;176;305
Q96DT7	468;684;706;672;515;497;617;696;660
P39023	399;300;286;393;294;229;386;224;373;366;312;385;250;334;39;362;356;226
Q9H4A4	398
H3BLZ8	129;528;269;468;547;420;405;535;488
O00541	517;26;98
Q99728	170;548;217;232;540;438
Q9H1D9	7;199;5
P29374	481;718;759;836;488;513;512;297
Q96PK6	126;149;135;153;2;600;593;121;140;594;167
P35226	88
Q9P215	13;384
Q9HAF1	113;69
Q8N806	398;252;274;225;283;346;344;94;112
Q86T24	449;474;611;582;618;407;5;529;539;479;390;124;414;465;151;145;623;111;570;103;181;636
P78332	453;386;569;469;741;656;1046;991;887;834;731;331;281;871;948;1066
Q5T7W0	63;437;239;81
P10244	639;596;509;197;104;546;625;236;275;194;447;648;482;462;533;442;604;523;99;584;183;93
P19338	324;377;577;437;403;370;589;513;228;297;545;116;639;124;410;223;624;486
P38159	80;9;22;63
O76021	435;254;188;461;356;120
Q14978	193;604;663;67;407;396;452;390;496;505;579;76
Q9H9B1	234;731;528;22;559;644;190;659;684;568;492;231;327;432
O60315	391;866;632;611;624;713;878;555
Q15723	536;584;318;290;549;557;332;303;458
Q8NC51	228;102;281;211;68;303
Q96BR9	199;225;178;191;138;437;182;119
Q08050	356;201;460;440;422;218;478;163;603
O00566	632;382;350;555;394;479;649;609;185;564
Q6N043	740;275;976
Q8WWQ0	1470;421;1644;1613;1323;1670;1466
Q9ULJ6	834
Q9BV86	10;59;15
Q9BUA3	220;374;48;18;4;189;290
Q9Y3Z3	469;622;595;467;544;523;534;43;294;494;492;455;446;66
P17014	179;98;239;283;215;119;164;224;309
Q9UJW8	138;304;34
P50914	124;137;79;85;187
P68104	392;408;318;41;55;395;273;255;439;146;290;212;180;154;386;179;219
Q8IXT5	151;449;114;389;447;319
Q9H4L7-2	77;716;996;705;461;268;335;346;695
P25490	288;183;409;286;208;339;203;230;351;411;274;301;305;393;392;332;204;401
Q6NZI2	161;116;173;137;299;165;170
Q9Y230	456;269;427;223;9;444;132;160;164;368
P49711	689;18;250;349
Q49A26	269;135;227;237;176;201;211;240;190;56;179;535
Q9NPI1	127;21;307;197;389;305;212;241;201;119
P04818	308;292;287;169;284;47;104;107
Q8IX15	182;202;417
Q17R98	523;673;466;704;958;216;671;778;580;798;176;372;475;1014;597
Q5T0B9	198
P13010	568;195;532;325;534;543;338;332;443;307;285;660;155;51;702;566;544;202;606;465;545;565;144;282;481;265;274;439;97
Q9NYB0	240;212;208;114;372;194
O14776	503;608;507;586;474;841
Q8IY92	1575;291;1180;359;1179;1112;902;1576;835;863;341;1169
Q16576	159;4;119;21;155;113;101;348;25;142;219;306;263;211;250;295;214
P04637	386;120;357;132;320;321;292;370;319;305;139;382
Q9BYG3	271;192;139;38;179
P39880	811;785;379;842
P59923	374;938;956;27;832;654;399;375;317;567;464;989;859;651;28
Q7Z5J4	901;819;811;1500;1425;1328
Q9NXR8	167;165;79;66
P04792	198;171;123;114
P31948	123;210
Q96HW7	791;15;688
Q6P4R8	488;1083;327;1049;469;1043
Q8TDN6	322;314;160;326;276
O75150	578;579;748;830;27;847;50;874;940;547;271;801;420;355
Q15596	765;239;785;731;640;1454;259;648;576;755
P14866	62;277;538;136;568;269;302;418;552;493;455;248;416;97;411;533;59
O15226	674;68;546;500;561;523;407;222;25;583;411;550;524;440;183;509;420;335;513;196;600;361;234;81
Q9H2P0	716;144;1035;731;621;427;728;408;600;745;274;606;616;829;835;819;367;935;279;930;926;1096;72;39;231;203;914;592;266;155;658
Q96MF7	90;125;130;101;107;207;173;114;96;183
Q14202	920;786;778;847;836;861;804;328
P51991	4;151;134;36;347;99;118
Q92785	99;107;10;108;178
Q9NUU7	26
P38398	583;443;918;339;109;701;906;711;731;50;519;1171;1601;1636
P52597	200;185;68;224;124;98;167
P08235	428;494;89;970
Q15424	578;543;483;381;392;172;186;570;514
P23246	338;279;518;271
P62269	94;78;54;106;8;150;91;47;34;25
Q9NQW6	254;1092;413;428;706;717;464
Q6UN15	254;123
Q9H0E3	869;785;864;937;927;1023
P20700	241;261;379;312;145;547;102;271;457;532;123;528;33;389
Q13485	113;159
Q99708	578;604;782;62;449;613;572;360
P62280	45;48;12;38;30;59;21;144;32;107;136;79;20;58;98
Q9NS73	94;301;235;153;208;129;304;112;140;325;170;139
P63244	271;130;185;225;175;12;183;139;264;212;280;172;257;38;44;106
Q93079	6
Q5SQL3	25;511;946;120;23;317;876;883;967;1158
P23396	230;214;141;18;90;7;62;227;10;75;197;108;185
P39748	297;24;125;308;345;201;88;109;267;314;128;93;375;354;8;142;168;171;277;252;99;254
Q15054	258;433;131;274;261;231;241;123;199;282
Q13838	36;32;256;53;155
Q8WUA2	212;201;236;352;460;362;218;375;321;405
P57682	198;10;196
Q99459	219;487;135;294;576;447
Q9UKM9	4;165;191;179;159;216;94;35
Q9BVJ6	733;620;449;519;150;194;640;298;84;163;273;122;672;95;136;266;596;314;45
Q02241	662;586;874;877;599;741;647;823;899;882;624;416;503;854
Q96JN0	414;254;150;298;71;385
Q96MX3	610
P30414	1258;581;1177;1057;323;1225;666;578;1033;656;1163;1210;95;637;1216;639;311;179;1193;1271;469;182;627;1043;1040
Q00613	126;224;298;91;208;131
P26358	1609;259;148;1135;975;194;281;697;1214;891;981
Q53F19	12;70;541;421;57;186;329;451
P52747	285;213;95;228;427;276;406;385;235;246;328
O60563	342
Q03188	534;180;807;507;356;45;217;297;328;202;212;260;399;655;230;677;273;440;238;746
Q9GZR7	370;290;808;624;825;352;815;91
P57071	883;642
Q9Y6X9	767;580;932;652
Q6PCB5	763;753;223;814
Q9NRL2	313;1383;191;1327;1023;952;1277;1552;1472;940;599;294;408;1310;1056;503;1405;1304;371;690
P51858	80;11
Q8IVH2-3	245;625
Q5BKZ1	459;467;442;254;260;277;383;426;401;140;264;372;438
Q9BTT0	99;6;113;256;101;65;68;86;223;4;5
P42166	17;674;269;281;13;685;334;519;416;358;667;637;323;659;435;248;356
Q13151	159;106;133;126;171;138;176;96;154;99;80;172;8
P11142	257;512;357;507;345;251;88;112;361;71;348;108
P21127	741;719;794;424;491;564;673;649;467;577;641;5;771;531;748;660;686;672;419
Q12789	833;770;1636;1090;529;130;766;646;340;507;203;597
Q9H0U9	156;95;310;256;159;8;322
Q9HCK8	2256;1766;2025;1697;1013;542;2241;609;1044;1391;328;1539;532;1300;2249;2394;1666;399
Q13148	95;84;181;114;176;102;160;79;145;121;263;408;192;136
Q7L590	762;627;139;869;482;534;675;854;665;695;134;344;362;511;554;550;313;360;840;520;746;769;493;650;763;815;700;563;127;733;658;582;686;201;848;194;267;682;669
O75937	248;146;159
Q71DI3	57;24;19;15;28;80
Q9UBU9	304;316;294;121;132;205;230
O43298	247;458;133;182
Q7Z333	678;339;1063;1109;894;78;621;659;1341;2366;1680;1415;1056;964;109;857;675;790;598;1647;690;1653;757;833;1625;870;1673;2058;1132;1823;865;908;1602;2349;716;768;1612;1939;2449;651
P15923	498;392;502
Q7L4I2	375
P62937	82;44;118;49;133;131;125;155;91;76;28;31
P09651	3;350;8;105;15;113;329;145;78;183
Q92922	359;592;796;829;856;780;839;750;739
O43143	491;384;370;754;133;515;786;132;614;407
P25205	732;736;248;177;152;207;35;463;266
Q6ZNA4	19;927;59
Q9UNX3	136
Q9Y3A4	192;183;190;149;265;29;106;111;33;101;93;205
O43852	70;287;59;231;255;94
Q5VVJ2	187;213;391;315;483
P33991	439;752;477;179;149;478;627;409;216;628;450
Q9UQR1	356;115;402;424;291;456;239;132
P62266	48;37;54;29;21;80;108;76;135
Q9UJX2	147;313;467;547;379;281;97
Q6PJG2	590;42;562;166;908;843;8;206
P63167	43;9;49;5;31
Q9HCI7	375;509
Q9BZE4	332;181;8;16;305;534;103;187;145;7;617;494;449;584;371;52;428;203;93;290;448;25;29;142;111;347;352
P00374	179;158;174;81;99;47;64;156;177;109;55;185;56
Q9NWF9-1	408;646;80;542;715;676;157;411;723;641;741;505;611;498;440;806;487;711;471;799;482;448;419;387;830;516;89;834
P08670	445;104;129;139;294;313
Q8N5F7	283;305;396
O43684	8;227;322
P06493	295;6;279;20;9;33;243;24;34;254;245;266;139
P33993	308;10;15;236;174;4;28;32;159;335;641;352;145;96;305;648;627;231;351;75;557;89
Q04695	399;15;419;297;115;278;172;219;400
Q9NVN8	477;20;375;226;102;174;200;546;180;469;482;62;208;288;502;386;273;228;327;265
P41162	381;188;419;10;25;400;388;114
Q5QJE6	626;220;658;10;731;257;227;649;159;558;316;290;345;321;384;54;686;606;510;596;132;24;615;600
Q15742	517;361;379;269;161;169
P08729	130;394
Q9Y371	156;29;355
Q9ULW0	641;500;477;740;279;401;567;237;645;256;492;604;220;75;63;727;384;48;585;208;720;666;305;560
P42224	703;652;114;173;193;679;665;685;161;110;379;359;636
Q969J2	178;26;222;249
Q8IWS0	349;227;8;345;173;266;323;118;211;273
A0A0C4DH01	623;396
Q14592-2	237;321;265;405;162;168;209;259;414;442;349;386;354;358;296
Q96T23-2	437;737;632
Q8N3Z6	141;490;487;444;417;68;131;134;132;139;537;493;239;435;412;331
Q9H5V7	5;208;167;177
P60709	61;291;50;18;213
Q9HCI6	119;680;460;467;573;224;258;126;248;753;82;85;173
Q9H410	253;13;338;167;157;76;108;217;271;176;190;315;276;283;237;322;248;61
Q12873	1308;627;1238;721;1230;1582;1592;1222;1988;511;1298;620
P52701	334;169;833;519;476;1291;1014;22;930;537;1358;1352;888;997;185;660;324;412;374;13;479;1296;1315;824;957;852;1030;149;311;1009;1240;1092
Q12830	1088;1730;1138;1020;1209
Q15326	407;408;366
Q8NCY6	142;273;114;9;340;316
P61964	7;46;27;6
Q86UZ6	229
P08708	103;72;129;49;59;44
P17482	117;159;130
O94913	1511;1546;1524;1278;1419;654;582;723;456
Q6PKG0	311;703
Q96JM7	704;197;356;249;336;153;376;184;637;731
O75486	205;245;194
Q9UJX5	798;772
Q09028	160;4;22;26;102;212;143;220;349
P08047	16
Q8NG31	830;2089;526;202;1515;288;1214;1165;189;1530;213;861;238;1838;1256;589;757;1534;953;737;1584;467;846;1295;557;487;2106;1064;570;393;895;514;1281;810;749;1441;1495;1778
Q99958	214;132
Q9NVU0	498;171;260
Q9ULD9	1292;880;1234;283;1176
Q99590	676;610;1178;601;83;538;596;766;493;165;146;113;4
Q6IQ32	1032;858;1018;740;731;146;979;1010;909;262;726
Q96JM2-2	849
O75400	375;241;718;376
Q6P0N0	899;753;647;742;688;1108;211;203;126;262;850;65;534;171;727;379;639;113;1079;1034;612;694;7;54;1093;676;167;96;557;587;99;1077;983;956;840;797;157;201;47;707;506
Q9Y5B6	149;492;197
Q8TAQ2	704;848;718;836;787;724;566
Q9H972	533;104;345
Q9C0K0-2	816;520;137
P46087	615;757
Q9NS91	376;115;127;110;186;151;328;347;370;363;102;197;168;156;318;257;229;383;271;230;57;161;261;462;245;276;170;17;341;333;73;83;201
P09884	284;1071;515;395
Q12948	227
Q9NW13	653;705;406;260
Q8N8K9	204;626;237;649
Q8TD17	265;254
Q9Y6X2	230;307;56;361;466;46;442;482;40;288;130;58;8
Q8WYQ5	707;500;424
Q8NCP5	290;4
Q8WXI9	498;467;432;454;33;199;66;353;193;78;147
Q15029	64
Q12905	186;45;59;364;141
O15042	145;822;208;760;748;88;730;829;168;188;392;410;212
O94916-4	573
Q93009	869;882;739
Q9NUW8	139;417;367;432;495;222;243;64
O75586	219;165;223;196;227;200
O76003	67;139;151
Q13416	126;7;572;52;224;83;155
P18858	244;630;208;541;240
Q96BF6	174;299;429;456
Q9UBW7-2	166;164
O15350	627;331
P62906	118;106;62;133;152;212;130;4;147;161;196;207;91;56
Q96T58	2967;2857;3440;3240;2617;2823;2971;3020
Q9BWF3	92;3;35;79;97;27;71;173;59;223;45;139
Q96SI1	278
P08243	176;147;467;168;504;478;244
Q5VYV7	239;347;79;356;167
Q9UKL0	297;180;466;122
Q9UIU6	17;568;287;732;768;231;419
P18848	267;311;259;55;88;329;274;53;45
P42167	401;368;389
P49756	578;722;273;261;697
Q14781	153;320;427;283;432;215;296;146;60;157;199;291;362;307;277;410;310
P18621	159
O43151	1262;1462;1084;1426
Q9P1Z0	40;615;815;408
Q8NEY8	453;235;240;328;160;227;220;109;37;171;199
P41229	191;274;244;459;295;101;687;282;229;1127;1151
Q9HAW4	403;1292;1232;1321;1335;963;1111
Q8WY36	385;696;573;341;311;402;525;801;602;316;368;169;137;361
P48552	111;756;802;1105;685;481;931;508;1154;901;1063;871;372;1007;1115;850;860
O75444	33
Q5VWQ0	781;740
J3QR29	219
P26599	259;13;84;218;266;485;137;492;402;482;398;410;65
P18754	335;114;161;59;416;160
P58876	6;12
O94880	77;98;653
Q96I24	15;57;220
Q5T3J3	279;290;446;427;244;259;308;11;316;702;134;470;532;605;622;270;252;141;571;491;418;565;319;500;722;467;175;449;645;40;509;194;617;393;239;348;686;325;560;578;117;610;369;572;370;353
P06733	221;262;228;420;80;256;71;326;92;126;64;202;81;406;233;281
Q9GZR2	115;302;398
Q9UBE0	195;109;4;208;118;152;183;217;178;61;335;228;198;210;45
P46782	18;191;47;182;42;22;201;63;192
P12757	527;50;383;51;427;342;489
P62913	78;169;159;38;85;8;178;88
Q9H869	750;720;704;782;305;432;437
Q13601	369;340;24;290;15;66;357
Q9Y5J1	183;84;517;287;175;172;396;237;49;41;395;542;166;373
Q9H6T3	498
A6NFI3	955;111
A9YTQ3	660;577;307
Q9H3P2	288;161;429;285;456;190;522;215
Q32P41	502;84;357;133;239;379;365;264;229;341;490;100;181
Q9Y3M9	458;167
Q52LR7	324;195;135;362;340;287
Q8N2W9	9;128;35;69;306;231;59;56;360;68;135;504;114;147;158;300;294;31
Q3L8U1	2843;2074;2350;1738;2048;2038;1588;1827;820;1093;1156;318;1903;1075;1323;1429
O43395	376;139;294;252
P62241	128;157;139;170
O94906	683;178;715;341;722;775;737;606;540;146;618;738;472;137;793;324;189;650;61
Q14247	144;181;295
Q99848	218
Q96L73	2616;1339;320;769;2545;837;2531;754;906;858;2482;2672;528;1463;886;618
P55072	8;18;190;668;109;312;754
P22087	102;109;158;143;131;292;284;84;318;285;121
O00311	268;59;235;244;253;36;179;331;212;570;496;90;207;86;306;257;474;227;492;42;29;514;358;441;451;340;30;191;312;445;274
P38432	151;127;496;281;459;293;458;444;204;209
P05787	285;101;472;393;130;364;122;325;264;11;304;197
P53611	11;6
O60341	442;117;469;424;550;372;492;647;503;271;355;744;374
Q6PIW4	225;183;150;447;296
Q7L014	186;236;907;915
Q9UPT9	152;137;382;462;129;144;30;442;501;400;159;35;493;417
Q92782	133;160;156
Q9Y5B9	497;647;663;433;513;504;444;904;606;892;786;661;426;422;80
Q9UNX4	529;474;906;729;360;816;335;238;114;749;782
Q9P2N5	85;99;601
Q9NRZ9	122;475;204;144;196;753;520;152;85;559;569;763;589;530;463;474;817;509;184
Q5VWG9	746;581
P46783	139;53;38;47;24;138
Q8NCF5	129;388;131;145;397;357;218;189;268
Q9UK58	362;347
Q9UER7	512;637;277;60;295;65;662;524;385;135;494;142;378;208;630
Q92620	482;504;425;1166;483;474;260;149
Q96QC0	179
P78316	273;265;226;772
Q9BWL3	73;59
Q96JM3	490;689;638;670;565
Q01167	527;633;164;161;223;341;328;300
Q4FZB7	555
Q5T200	194;179
Q15459	542;686;37;131;499;424
O60583	407;444;485;520
P24278	142;204;330;198;148
P05412	226;56;50;268;35;70;4
Q14680	55;406;434;525;650;351;445;491;419;230;481;134;536
Q9BRT6	67;74
P62424	48;252;20;75;245;26;107;264;176;185;97;37;11;150;212;259
Q8N184	173;233;202
Q8NAV1	92;97
P50990	534;224;254;459;260;539
Q96JG6	963
Q7Z589	451;639;200;1015;710;655;788;610;1206;1066;597;953;575;1057;950;387;553;794;620;1173;1003;663;650;402;587;1028;632;583
O00267	143;453;147;213;1037
O75446	214;87;205
Q02543	11;2;128;143;170;149;151;76;21;136
Q14586	66;118;135
Q9Y3A2	86;246;189;95;143;235;103;180;176;120;74;211;26;33
Q99986	92;71;112;5;338;34;314;307;350;329;152;38;301;366;188;85;275;98;295;140;106
P54132	484;1082;344;31;129;588;195;514;91;839;105;1199;1125;331;418;205;116;1372;498;873;594;476;167;451;347;138;87;604;1411;653;1186;1395;640;531;755;185;390;1101;24;56;40;409;820;662;1273;392
Q99496	323;249;149
Q3MHD2	154;177;98
Q9UHR5	304;220
Q969F1	113;114
A2AJT9	400;183;115
Q9NW82	296;332;514;563;596;280;590;611;509;403
P46777	220;188;164;158;43;221;197;5;178;241;41;27
Q13123	205;553;151;501;173;544;331;54;509;310;408;388;427;30;112;398;525;520;137;98;198;404;413;224
P60842	193;146;177;237;174;238;291;225;202;309;381;369;284;68
Q96K21	207
P24522	12;29
Q8N999	20;112;43;314
Q6NS38	16;7
Q86T82	452;498;112;299;314;154;238;251;692
P30154	573;558;319;588
Q96G25	112;259
Q9Y383	139
O95391	199;408;418;208;57;187;424;166;549;107;302;288;365;273;18;114;26;257;482;44;360
Q9Y314	172;289;175;190;157;132;117;6;294;153;100
Q14562	399
Q15061	384;309;75;416;402
Q9H0D6	132;493;152;207;776;782;172;25;641;256;142;533;616;524;517;408
O15511	3;60;131;13
P24666	113
F8VZX2	278;231;115;265
P62081	169;70;49;142;90;183;147;160;178;74;155;58;37
O14978	157;17;299;285;573;376
Q2KHR3	1083;1058;887;281;1493;803;1633;677;559;824;1316;631;1146;1583;957;1665;1388;549;1141
P27695	85;52;203
Q9H0S4	24;161;49;142;200
Q14320	5;48;76;61;275;305;100;42;271;74
Q9H4L7	724;84;258;996;471;161;158;179;430;414;321
P62263	63;125;61;106;10;86
P63173	67;4;57;9
Q13347	2;208;224;213;17;264;185;148;85;176;141;65;298;282;91
P62191	430;175;24;396;350;232;217;98;198;91;237;326;178;359;293;86;420;423;265;258
Q86WJ1	590;263;546;569;486;273;310;578;600;616
Q9BR61	188;120;119
O43248	178;116
P17029	280;27;339;478;228;181;560;322;412;496
P50395	269;79
P30566	415;75;170;284
Q9NSI2-2	19;108
P25787	64;171
O75319	129;64;101;54;231;266;299;131;59;139
P68363	336;326;394;112
Q96IT1	496;13
Q96AV8	48;390;601
Q92564	95
P48643	210;502;160;265;176;535;279;247;20;170;275;223;259;483;150;226;42
Q8N8R7	191;169;104;177;114;118;19;83;88;240;147;73
Q99741	151;49;33;126;535
Q13352	8;66;76;54;133
Q96C92	429;349
P61160	388;331;118;106;219;7;97;19;53;46;322;253
Q14207	1231;1149;1039;1116;1280;1024;1371;1130;1353;429;269;121;262
Q9UBU7	21;408;352;579
Q8WWY3	321;338;298;417;327;430;471;401;341;243;438;478;422
P01106	148;412;52;389;323;326;157;317;392;289;398;355;430;275;298
O14628	492;196;317;334;411;310
P23025	145;141;86;163;63
Q9Y2L1	331;880;366;154;714;454;225;895;199;236;337;362;922
Q9NY74	717;183;442;260;631;684;543;507;414;146;874;354;572;480;857;320;892;535;196
Q96PV6	281;198
Q9HD26-2	102;408;93;285;112
P63241	85;34;67;27;39;121;68;126
Q96G28	336;184;165
Q2TBE0	604;171;268;385;473;801;309;526;192
Q15785	197;305
P14854	8;13;10
Q9Y5Q8	339;367;38;354;472;228;314;442;141;58;389;420
Q14592	194
Q9NYZ3	143;106;123;263;299;452;468;455;125;6
Q9P016	24;60;74;34
Q6ZU65	272;557;544;866;647;957;1148;1028;694;812;949;1078;796;1341;468
P27635	175;74;30;82;208;121;188;158;198;42;78;13;101;164;19;15;170
Q96AY2	232;103;159;340;357;136;441;241;449;204;338
Q9P258	96;92;508;5;77;513;320;377;468
Q9NZJ0	397;128;529;660;402;137;523;375;175
O43663	401;387;273;268;484
Q9UJV9	442;416;392;111;9;143;199;115;387;130;187
Q9H501	108;838;4;170;395;833;159;606;720;138;628;612;822;592;147
Q9UKD1	155;179;78;116;128
Q14119	66;41;320
Q96MU7	469;96;374
P62805	13;92;78;21;9;6;32;80
Q09666	134;891;5623;763;5272;712;961;4936;970;3488;4948;730;1012;181;3201
M0R2B7	574;447;1113;758
O75528	21;129;319;428
P49790-2	353
I6L8A6	874;193;378;438;676;115;779
E9PFE2	436;874;757;567
P38398-4	442;970;284;564;1078;1062;637;722;717
A8MU27	34
Q9UGL1-2	1486;321;126;100
Q99856	462;398;452;2;399
P41161	350;293;89
E9PAV3	1963
A8MXP9	588;146;181;473;554;784
E2QRB9	217;261;208;382;51
Q5JR95	26;173;105
P67775	4
O43719	221;169;245;57;429
Q8IVF2-3	16
Q13435	400;770;280;697;843;857;10;790;563;519;570;680;529;577;412;605
Q14244	406;373;295;377
B2R5W2	89;157;176
P04150-10	293;57;67
Q15776	572;26;272;288;488;502;413
Q8WYB5-3	381
Q9UGU0-2	1351;823;710;957;1309;920;1178;832;1274;1137;806
Q92618	1043;681;643
Q6NSZ9	22;285;278;128
Q9Y4A5	2543;2059
Q8IYH5	647;708;276;612;705;592;662
P49959	255;416;625;420;171;467;360;673;327;609;475;434
Q02880-2	28;1027;172;29
Q9H165	123;833;164;620;801
Q6FI13	119;96;126;120
Q8WUU5	262
P0C1Z6	216;81
P16104	135;128;120
Q99598	279;40;93;252;4
P28066	231;203;196;239;149;187;192;209;66;91
P15622	162;125;136;148
Q16514	19
Q9UIF9	1172;695;866;1709;1206;1676
Q9BQ39	150;135;175;412;213;611;125
Q15398	347;139;378;785;529;711;263;454;411;193
Q9BYE7	223;239
P28370	728;750;662;74;944
Q4G0J3	410;237;428
Q9BYW2	637;359;776;1232;832;1819
Q6NUN9	286;189;141;552
Q96SB8	773;36;268;658;254;230;220;275;798;5;157;324;1060
Q8IYB3	249;231;869
P15880	275;76;263;108;65;212;103;183;173;58;211;238;176;114
O95983	109;90;46;92
P50548	465;378;481;17;512
P83916	150;99;33;9;181;180
Q9UK61	832;586;678;872;274;110;335;258;649;450;628
Q9Y4W2	226;565;295;139;540;247;691;569
Q149N8	423;420;81;434;515;85;406;1256;1677;1263;500;199;1176;1562;672;396;457
Q8IY81	579;237;357;502;678;659;804;518;643
Q96N64	208
O15212	66;44
P21675	549;1317;167
Q9UHX1-5	14
Q96HR8	338;167;290;270
P84090	12
Q53EQ6	204
P18847	78;42;175;120
Q9NVR2	464;239;659
Q8N163	591;599;916;97;112;800;585
Q9H7L9	178;69
O94888	84;14;134
P62841	108;72;7;77
P13682	125;20;189;144;134;276
P43246	430;555;567;249;537;65;347;661;509;890;212
Q9Y618	1176;1466;2037;863;844;1248;892;2292;1036;535;106;222;2301;1218;1406;2097;97;1281;1167;1168
Q9H2X6	32;953;973
Q5SZG2	285;291
Q9UHX1	43;458;419
Q13029	1257;651;866;626
O75113	448;183
Q9Y4B4	901;469;926;1257;1018;1014;682;127;381;272;574;665;912;976;936;923;943;362;1126;294;115;759
P26373	145;200;174;123;177;162;105
Q96JS3	218;271;413;396;20
Q86XI2	650;796
Q66K89	289;202;545
P52292	123;108;83;486;348;353;494;472;388;392
Q86U44	132;256;241;164;235;152;576;215;281;12
Q9BWT1	364;204;123;75;131
P68400	329;102;83
O95433	182;137
Q92917	5;46;416
P05388	297;92;26;77;266
Q96GN5	225;222
Q6NSI4	524;348;624;483;728;709;217;176;689;481;651;671
P27816	838
Q6IE81	114;470;360
P49715	161
Q8WYK2	65
Q9NRR5	23
Q8IWA0	427;676;145;123;671;622;628
O00231	274;82
Q9BZK7	277
O95251	323;184;503;542;415;604
Q9Y546	379;220;349;302;393;127;271;294;323;209;362;290;367;170;165;259;369
Q9NPF5	214;27;66;270
Q8TEQ6	754
Q71U36	60;96;370;304;352
Q5JTH9	71;57
Q9BQI6	235;78;931;183;348;365;223;1020;157;281;7;725;25;266;36;278;806
P29375	191;222;895;1007;141;106;238;1382;982;847;247;425;774
Q4VC05	199
Q14807	465;400;431;387;478;500;559;528;650;292;425;213;495;504;524;32
Q6PJP8	508;533;202;236;488;536;543;668;429;517;467;361;417;497;247;573;969;427
Q9NRE2	601;480;461;511
P06899	117;109;47
P00492	115;103;175;166
O43818	97;113;84;125;62
Q9H6U6	215
Q2NL82	791;346;776;470;705;476;380;462;317;609;517;760
Q15369	32;6;43
Q9NQB0	22;539
Q9NQS7	327;454
Q96EK7	553;260;283
P10243	602;199;592;613;534
P32969	2;174;184;168;82;65;121
P40937	7;75;194;16
Q14687	624;707
Q9Y462	235;296;224
O00148	35;154;31;240;255;52;137
P09429	177;114
Q86YI8	193;102;281
P62244	71;124;60;12;84;88
Q15365	115;351;268;237;23;314
Q9BQ75	84;61;221
Q9C0J9	210;266;121
Q9Y2Z0	295
Q9Y2R4	521;171;270;126;131;571;34;74;543;15;115
Q96GD4	202;211;56;168;87;231
Q9NZM4	1313
O43242	38;440;2;76;374
P04075	108;42;28;342;322;330;230;13;200;101
B1APH0	574;329;349
Q8IZ40	60;199;88;73;327
Q8TE76	484;352;551;441;792;723;843;683;565;699;420;494;510;376;297;563;342;748;308;79;650;126;778;762
Q9HAZ2	752;783;832
Q9NSC2	1319;982;947;439;1086;690;673;427
Q08211	5;697;120;76;1011;1037;857;152;1024;1073;755;392;146
Q76FK4	1057;703;604
P17480	114;378;594;333;169;408;299;266;384;132;421;144
P18850	87;290;191;182;176;349;436;160;424;152
Q5SSJ5	258;64;97
Q86VM9	510
P04406	194;227;215;61;219;263;145;162;117;254;260;259;84;5
Q8TAT5	195;458;351;110;567;382;585;574;583;378;13
P49916	114;817;213;174;537
Q6ZSZ6	517
Q4VC44	393;707;685;134;23;189
Q06830	93;16;185;68;120;136;35;7;192
Q5SY16	485;670
Q9H422	27
Q6IBS0	163
Q09472	1024;1336;1006;981
Q8IV48	81;52;49;300;92;99
P05549	10;197
P98170	405;387
Q8NBZ0	159;94
O60264	83;694;735;644;722;834;758;647;160;929;665;176;132;129;966;397
O60493	86;119;158;95;61;128
Q9NR30	116;199;461;40
O95789	24;673;101;651
O43172	159;284;244;456;486;15
P41227	179;165;59;148
Q5VTE6	368;157;419;416;430;378;147
Q8N7H5	133;160;352;106;150;34;196;269;290;119;62;181
Q9NZT2	309
Q9HCM7	858;751;288;856
P19387	175;199;205;20;255
Q8WV37	195;313;467
Q04323	83;105;208
Q9UHB7	583
O94782	232;48;623;368;261;124;479;219;320;467;343;689;360;26;675;483
Q5VTB9	277
P62701	259;120;230;71;134;94;106;22;233;37;128
P23528	53;164;121;114;132;13;73;45;112;44;19;34;30
Q6IBW4	329;280;92
Q9C0J8	530;560;321;248
Q8NF99	171;55;25;202;233;251;37
O15381	208;263;163;73;156;85;218;199;12
Q9BTF0	168;148;136;134;180;452
P14921	15;227;138
Q63HK3	529;337;277;259;752;702;242;724
Q6P6C2	102;295;328;132;24;116;235;57
P55081	249;67;371;26;376;381;336
P83731	2;27;97;131;35;69;147;93;61
Q96KB5	176;8;169;65;162;18;132;155;90;12;64
Q13895	398;154;139;282;390;15;78
Q96MW7	117;62;405;33;180;370;128
Q9UID6	76;369;181;226
Q9P2F9	130
O95625	760;246;314;186;1043;195;792;493;177;30;321;944
Q7L4P6	258
Q15072	56;42;126;112;28;107;173;61;51;84;140;280;157;266
Q9UBZ9	99;174;1118;770;633
O75151	80;615
Q99460	310;302;934;853;319
Q9BY77	372;260;418;144
Q96NC0	8;45;64;55;102;61
P27694	449;167;379;595;489;431;183;324;196;313;163
Q8N5P1	43
Q6W2J9	786;1256;1721;1417;922;1098;1104;1413;839;1045;872;290;1366;823;460;795;319;953;978;523
P31942	6;76;255
P61088	24
P62851	114;43
Q9NXE8	391;64
Q5T1V6	26
Q53EL6	465
Q9NXV6	184;574
Q9NVC6	178;356;162;614;606;263
Q9BTL4	146;51;203;5
A0AUZ9	293;199
Q9NWH9	500;884;746
P49736	492;462;178;450;476;734;505;384;691
P49585	266;8;33;277;57
Q8NCN4	286;202;588;511;449;519;569;236;362;408;475;433;270;220;558;691;420;561;638;639
Q06730	237
P0DN76	15;125;175;13;116
Q99607	657;352;390
Q9H3M7	115;167;163;228;140;8;233;212;287;19;117;100
P10242	527;503
P0DMV8	108;112;88;512;56;345;423;251
Q8IZT6	559;184;1017;687;514;639;466;144
P19105	150
Q2QGD7	269;660;450;247;248
Q15697	204;26
Q9HBL8	5;240;293
Q9UNW9	169;112;490;60;50;445;191;10;134
Q9UQL6	35;533
P50750	345;151;24;74;56;35;164;68;269;18;178;49
P49721	198;29;68;185;34
Q69YH5	762
Q53ET0	224;21;212;453;25;156;228
P36578	368;20;14;364;29;353;374;172;165;327;140;106;162
Q03989	269;6;197
P60228	409;93;387;425;82;35
Q15554	287;353;369;375;335;506;395;452;349
Q96QE3	578;127;1074;769;176;237;278;1172;445;111;230;573;678;41;1040;560;969;793
P05783	417;426;167;214;81;269;317;222;372;247;187
Q6ZRI6	620;589;569;439;562;598;619;358;57;103;182;201;131
Q9UEE9	150;252
P24941	6;291
Q96J01	343;133;86;77;91;171
Q16543	132
Q08945	105;636;325;457;296;15;228;364
Q00535	237;9;268;128;20;141
P31943	98;35;14;87;68;200;124;73
Q15185	35;95;65;48
Q2TAL8	489;28;353;474;360;672;649;246;682;704;612;712
Q96P16	12;144
Q92802	9;463;509;165;396;402;216;486;72
Q96QD9	261
Q96GA3	45;96;381;474;435;108;412;453;391
P29373	45;87;102
Q8WV44	256;271;273;557;307;383
Q9UQ80	344;191;93;199;355
Q9BTC0	247;515;216;879
Q96F32	16
Q8WVJ2	147;129
P61313	93;83;153;5;77;140;179;56
Q8N543	97;336;427;36;428;105;194;117;300
Q15648	168;235
Q13564	253;6;363;207;341
P17036	125;151;127;118;207;163;310;173;137;422
P68431	123
Q7L5Y9	323;23;84;97;223;341;107;77
Q9BRX2	270;231;46;84;283;162;250;276;254;337
Q8WUM0	82;135;1107;35
Q13322	171;352
Q16342	157;239
Q9NRN7	263;58;226
P31150	269
Q8N8A6	658;637;173
P62249	50;4;73;98;26;60;33;109;105;143;17;131;90
P55795	14;35;185;87;68;73;167
P30153	561;194
Q8NCD3	648;581;742;354;332;626;369;321;517;408;495;735;594;526;638;207;72;506;341;85;415;375
Q9BQ67	341
P34896	38;159
Q15003	725;495;630
P08865	11;224
Q9UNQ2	201;23;106;243;5;212
P19623	296;277;96;113;194;135
Q9P2K5	174;53
P14618	270;322;224;115;305
Q9Y6K1	468;162;276;621;783
A0A087WZ13	16;196;698;500;190;557;182;562;615
Q9UJ78	134;88;297;261;147;532;604;552;149;166;455;558;422
Q12788	20;407;12;433;804;453;593
Q03252	81;195;275;489;326;393;255;77
P52907	278;13;273;268;226;66;97;118;103
Q6RFH5	21;337;156;359;311;28;281;151;266
Q99829	135;157;84
O15371	171;35;41;3;181;426
O95630	102;187
Q8IU81	314;248;73;427;227;382
P61923	39;168
Q9HBH9	207;223;5
Q9H467	256;121;213
Q70Z53	36;91
Q9BQ69	138
Q8N1F7	606;103;619;586;59;106
Q9Y285	311;187;406;208;177;101;106;117;481;427;150;315;59;163
Q6PCD5	488;772;433;402;697;370;364
Q96NU1	72;448
Q6UUV7	222;226;213;14;232;18;174;144;147
H3BQM0	84;311;542;528;222;513
Q9UNE7	203;125;30;41;22;221;255
Q15155	159;138;735;193
Q9BY42	227;92;210;239
Q9Y3C6	161;158;80
Q12972	138;151;193
Q8N9M1	210;258;250;115;304
Q8IWT0	18;112;23
P52756	765;98;559;181;589;800;711
Q9H9L4	124;78
Q5T621	23;80
Q9Y4C8	481;767
P60660	56;63;26;13;79;50
P78563	523
P60981	132;92;112;19
Q7LBC6	592;788;643;1193;1367;1272;1287;404;558;1425;1081;892;627;580
Q13889	125;116;298;100
O95239	772;1141;964;460;1194;1033;1165;258;339;1071;337;542
Q92925	168;206;451;237;439
Q14191	1389;366;241;170;14;5;131;506;1243;202;382;924;1237;1080;154;370;146;135;1036;496
P98175	246;536;472;670
Q13356	460;490;462;166;216;180;176;188;482;226;90;190
Q9H147	147;134;241;190;201;221;295;306;264;290;188
Q9H967	104;292;122;68;450
Q9NWB7	384;357;329
O96028	912;1337;1069;1066
Q6DKI1	8;18;27;129;32;146
Q8IYW5	126;210;232;112;227;140;459;468
P51965	43;50
Q9UBT6	523;584;814;25;693;557;55;224;772;549;603;712;657;683;668;836;725;576;493;81;461;12
Q8N3A8	372
Q76L83	1232;432
Q8N0Z3	29
O95551	82;192;23;203
Q86UV5	681;258;576;425;1003;381;717;945;918
Q10713	299;473;68;488;232
O43502-2	42;54
O60934	582;571;173;334
Q9H7B4	5
O60814	121
P19447	311;706
Q12766	600;824;353;1521
O15355	367;521;409;128;80;519;112;378;104;247
P13693	112
Q9H0H5	296;60;311;199;571;404;71;248
Q9Y388	8;243
Q9BVC4	305;215
P24928	707;163;445;767;1125;796;1225;710;213;308;914;910;627;866;42;1268;812;285;940;976;279;1008;177
Q96FW1	10;201
Q6IEG0	120;87;150;262;195;104;173;112;128
Q96IZ5	270;57;27
O15145	29;14;171;37;155
Q8IY18	247;238;908;542;269;414;378;610;911;714;895;192;783;189
Q6P1K8	77;268;31
Q9H8V3	563;797;239;611;364;739;363;516;384;581;61;25
Q15545	129
Q56NI9	337;303;111;451;173;147;372;317;262;354;287;322;117;129;271;450;253;156
Q9UBQ5	13;204;197;38
P46734	192;243
O60942	423;413;249;88;28;287;227;239;591;431;55;92;171;508
Q14498	232;178;111
Q567U6	422;224;377;131
P11802	297;142
P54277	372;43;704
Q13907	113;176;192
P62847	37;122;83;129
Q9H9L3	95
Q05D32	275
Q9UNF1	538;528;181;494;261;484;124;288;133
Q15370	46;55
P53999	97;114;101;53;126;38;68
Q12834	109;136;129;114;149;155;73;490
Q9NY61	422;145;496;228;342;58;223;380;159;264;266;69;383;246;475
Q7Z628	570;149;194;567;85;137;9;368;461;280
P51692	516;384;701;242;380;527
Q16670	17
P22234	313;235;125;246;11
Q6VMQ6	33;480;1220;597;938
Q6PID6	186;260;30;179;63
Q15007	125;19;134;146;123;61;63;83
P61513	7;28;13;87;90
P13984	236;137;154;226;25
P13639	239;512;648;42;594;386;845;90;571;572;498
P12277	307;265;11;32;156;177;196;101;223
Q9HB19	102;118
Q96DY7	752;642;627;445;604;801;236;630
Q3HKR1	219
P55263	9;14;256;162
Q9UHH9	166;236;15;182;155;61;243;222;279;67;42
P0DN79	398;211;177
P40337	171
B4DL54	47
O75164	893;463;1036;471;999;417;904;820;336;252
Q56P03	79;93;245;130
Q9UBS8	394
A8MW92	79;106;530;851
P21266	128;54;140;73;209;215;71
Q562R1	329
Q9H9A7	387;334;426
O95872	77;30;290;103
Q14527	424;417;112;176;662;340;211;452;972;226;99;245;258;370;824;653;355;95;682
P06756	149
O15460	328;159
Q9UJL9	235;148
P49914	10;167
O95400	26;5;321;127
Q8WXE1	289;234
Q8NEM7	155;418;467;366;294;319;310;269
Q96T37	170;420;762;744;173;445
P49915	487;9;145
P19544	336;444
Q9BWK5	9
P33981	28;367;372;287;649;201;421;298
P50991	209;65;257;375;288
Q9ULX6	544;344;426;423
O15014	789;1115;1082;1153;229;479;1297;927;1061;1037
P46063	88;193;80;618
Q7Z6K1	127;370;116;109;282;22;360
Q14019	126
Q8N5C7	10
Q9NPG3	530;609;558
Q16539	79;152;15;54
P78527	2758;108;4105;2978;1857;3192;499
P02511	166
Q16527	91
Q9NV72	203
P84103-2	85
Q8NDT2	213
G5EA30	136;464
C9IYN3	486;21
Q15185-4	79;33
Q9NVP2	129
P50995-2	345;181;222
A0A024QZP7	238;130;201;139;56
O15294	752;337;908;16
J3KPG5	1120
Q8NF64-3	344;497
P0CG48	63
J3KTA4	45;236;80;197;40
Q9Y3B4	29;7;116;100
Q9H992	4
O95201	219;50;83
Q68DI1	196;134;243;247;304;147
Q6N043-2	113;279;21;197;74;61;210;220
Q8NCA9	318;139
Q9Y6D9	61;246;504;123
Q96JM2-3	234;1499;2564;271;1571
Q13573	170;97;509;193;240;452;416;258;23;158;339;81
Q5VZL5-4	665;108;239;396;368
A0A0B4J1Z1	24;12
E7ERS3	646;841;790;352;932;685;945;925;552;663
Q5SRQ6	231;227
Q9UKS7	442;438
Q9NYW8	534;315;259;565;97;59;357;301;108;658;663;161
O94864-2	269
Q6ZNA4-3	34;73;87;110;173;47
Q86U86-8	1413;210;1619;1617
M0QXA7	42;172;123;261;765;425
Q9Y2L8	513;303;177;317;509;248;785;216;709
Q8IWI9-3	460;2197;1140;147;1207;1091;791;2204;873;928
Q02040	118
Q96S55-2	457;602;636;608
G1UD79	77;5
Q5TA31	133;161;223
A0A087WZQ2	364;476;55;272;392;560
E9PKP7	247;45;216;97;160;242
Q0VDD8-2	67;34;162;57
Q969X6	281;617;321;134;368
F8VXI8	54;230;447
O75607	125;102
P22314-2	488;762
Q8N720	269;91;488;77;323;190;471;161;54
P58317	254;119;338;366;235;291
P42574	11;82
O95365	539
O00425	475;309;272
F5GWX5	1221;288;1680
P35251-2	568;556
Q9NY93-2	411;421;134;45
Q6MZP7	639;741;249;661;139;92;683;357;134
Q06730-2	181;761;621;677;509;593;481;355;700;369;537;341
Q9UIS9-12	277;117;46
P04083	214;312;332
P78347-4	305;713;92;35;843;619
F5H2N6	58;191;556;408;636;128
Q92610	206;203;546;886;381
Q9UBC3-2	597;89;358;349;614;276;377;408;221;603;577;232;421;642
Q86V15	975;910;288
Q15911	2806;1594;1218
Q96K83	1146
Q9H4W6	16
Q92830	228;791;759;446
Q92793	1033
Q12800	50
Q8WUU4	35
Q9Y520	1133
Q12906	489;348;74;100
Q14596	515;629;109
P82979	66;17;73
Q68DK7	301;365;542;204
Q92995	405;640;176
Q9BSM1	88;24;99;80;255;159
Q9UJW0	215;212;206;363;286;146;279;370;181
O95644	702;914;349
Q9NV88	58;459;532;579;515;550
P18583	2149;2092;1565;2344;2063;2173
Q8N9N5	133;87;308;331;279
Q9Y2K7	505;951;939;688
Q96KR1	541;158;509;623
Q8N3X6	242;374;463;397
Q7L7L0	120
Q6P2Q9	366;278;29;702;785
Q9UFB7	190
Q9HCK0	184
Q8WUB8	190;249;385;178;239
Q6ZU67	202
Q7Z3B3	262;331;202;767
P40938	81;201
P51149	175;126
P78364	987;763;799;723;338;676;843;642
Q8WXA9	504
Q92794	1342;463;834
Q86UP3	1790;3154;1546;1299;1824;1293
Q15652	2037;2076;2136;2132;396;1981;976;637;1038
P05556	794
Q9BXY0	55;151;171;164
Q96MW5	558
Q8WUD4	94;85
Q8WVV9	26;396;261;495;369;408;238;434
Q15699	82;48;43;149;11
Q9UKL3	1813;1778;1895;1557;1213;1809;1787;1230;1350;1657;1593;1949;1245;1901;1603
Q9BZH6	1218
Q68E03	155;152
O60216	48;418;371
Q8WUQ7	484;469
S5FZ81	371
Q9UJA5	120;29;273;112;105;471
Q14690	1416;1508;1865;1309;619;571;234;1322;1102;1030
Q99504	37;512;13
O15060	183;350;583;581;439;341;6;608
Q15022	390;223;75
P16403	64;63;97;46;90;106;75
Q99592	273
Q68CP9	1701;555;119;1716;7
Q8NDZ2	410;615;804;543;643;73;806
Q12824	108;124;106;161;16;199
Q6PL18	1090;1148;1378;1128;1117;1236;456;1178;1037;1026;1146;406;125;950;473;1011;63;926;1257
Q96JN0-3	345;543;969;976;391
O75367	123;167;323;189;239
Q9UKN8	629;633;605;156;348;668;225;760
Q03468	32;820;255;1156;262
P37231	107
Q9NRR4	409;738;1331;399;809;1277;388
P61221	165;343
Q9UEG4	840;688;567
Q5JTV8	308
Q92784	99
P37802	171;79
P17097	101;393;439;495;165;81;388;279;292;161;341;221;369
Q9BRD0	65
Q15050	12;20;154;184
Q9NVI1	39;715;1229;1248;402;4;16;939;1107;140;157
Q5T8P6	94;633;533;41;106
Q96MY1	142
Q96BD8	117
P17535	240
Q92585	299;217;268
Q9UJQ4	316;838;175;156;436;372;290
Q99880	12;6
Q7Z5K2	911;425;63;168
Q9UGN5	348;229
Q8IUF8	50;62;23;356
Q9HBD4	1349;1227;711;1365
Q96N46	723
P07199	266;58;246;276;70
Q8WWH5	340;204;15;223;321;318;172
P51610	665;282;1794;813;820
Q96B01	269
Q9NSI6	1783
Q53GS9	51;73
P27824	525;144;87;118
P52732	477
Q9Y4Z0	80
Q5JPI3	116
Q9C0F1	222
Q8IX01	650;264;546;254;228;243;545
Q16656	139;214
Q15366	185;276
P46736	51
P60896	66
Q8WW38	471;955;444;324;915
O43447	101;166;153;164;53
P60900	171
Q96ST3	563;535;569;457;122
Q9BX63	1037;1186;510;234;194;503;897;1177
O14646	962;945;88;1296
Q96S55	636;301;464;225;310;286
O75626	816
Q96DI7	18;148;275;270;177;6
K7ELQ4	88
P26641	253;285;220
P57737	787
Q8WUA4	489;155
O75554	301
Q99547	96;37;11;17;157;86;128;150;153
Q7Z353	613;581;124;135
Q03164	2528;3287;3804
Q96BV0	19;533;41
Q7Z7K2	97
Q15019	232;183;249;3;174;190;74
Q6SJ93	5;57
P62750	14
P31269	133
Q14181	223;134;236;232;268;207;313;160;194;564
P51587	1413;730;2472;1783;1323;2570;454;530;2244;1453;1381;2577;2196;1777;374;956;1197
Q9HCM1	1136;371;1588;576;550;815;630;830;777;714;442;793;707;233;216;275;299;398
Q8TDD1	752
Q9H8M2	373;362;468;512;202
Q07020	78;154;132;164
Q6ZRS2	1003
Q9H9F9	283;390
O94864	276;121
Q9Y696	11
Q969V6	576
Q9H3R5	67
Q8NI36	839;830;446;814;785;238;235
Q92547	743;1058;283;1445;1421;1022
Q9BQG0	263;1148
P13056	588;250;188
O75132	43;23;50;10
Q7Z3K3	807;489;801;1053;1269;319;422;359;449;976;883;666;464;629;677;871;1030;480
P49005	90;81;152
P35998	169;422;222;34;340;46;110;210;116
Q13112	467;211;457
Q6ZMT4	721;588;697;796
Q08752	168;341
Q96IC2	762;166;455;46
Q86XN7	608
O60765	139;121;327
O14686	4756;4880;1665;4416;4432;3121
P10599	96
P20585	165;484;187;215;557
Q3KNV8	99;109
Q96GM5	101;464
O60675	14;76;15;6;9;46
Q96GM8	376;481;489;74
Q0VDD8	244;216;284;247;312;234;279
Q03936	143;311;538
Q9UDV7	331;293;245;369;232;111
Q9H334	287;636;377;372;548
Q9H6R4	54
Q53HL2	183;109;225;98;135;198
O15054	1109
Q9BXW9	13;1390;322;1248;133
P86791	119;79;295;113
Q9BUQ8	686;138
Q9NPA5	399
Q6P452	30
Q7Z6E9	1106;1169;232;657
O94953	409;1056;672;14;1032;602
P07741	167;91;34
Q15906	115;285;228;177;100
P62753	2;14;203;149;143;243
Q9NYV4	509;861
Q9C091	1408;1660
Q03701	659;675;802;5
P62829	123;66;113;43;13
Q9UMY1	131;162
O94776	531;71;492;330
Q9P2D1	2174
P62306	8;17
Q9C0D4	809;414;564;558;594;581;912;227;846;860;294;902;286
Q9UHA3	128;148;125
Q53GI3	254;40;282;303
Q6NW34	304
Q7Z7K6	270;196;134
P62826	152;38
Q1ED39	249;373;353;407;275;442;455;319;427;246
O60502	723;269;730;471;453;901;289
Q16600	108
O76094	391
Q9Y253	583;462;515;589;70;453
P19838	325
P49759	290;322;15;174;182;50;21;191
O15119	734;175;466;91;709;315;293
P46736-2	180
P60604	7;156
Q9H0G5	239;210
P62487	81;29;27
Q9GZS1	457;241;142;371
Q5QNW6	21
Q9NYH9	295;81;340;588;575;177;197;43;180
Q96HC4	89
Q14764	444
Q8NEM1	264;136;435;519;133
Q07955	38;174
Q13618	568;673;762;638
P49910	23;195;44;228
P53680	133;18;45
Q8N0Z6	97;322;87
P49368	15;381;354;491;425;427;367;527
O95696	554;594;363
Q9UKZ1	507
Q9NVP1	135;348;557;392;126;380;370
Q9P0V9	200;209;340;215
P40429	197
Q7Z4V5	554
Q8WTT2	333;234;724
P18077	63;29;8;95;66;73
Q8NDX5	256;732;966
P00338	14;126;76;81
O43809	29
Q15361	700
P19388	115;81
Q96LX8	104;300
O43660	135;113;80;47;173
Q13867	62;244
Q96NI8	147
Q4W5G0	30
P04843	538;89
Q13469	895
P07992	218;37;243;21
P30041	182;56;199;209
P62277	43;27;140;34;78;9;39
Q9UJX3	293;139;482;115;551;288;491
Q96SY0	386
Q96KQ7	229;747;219
Q4VB86	505
P62877	105
O43293	167;141;400;327;410;445
P07737	54;108;91;105
Q504T8	462;354
Q9UI10	17
O14965	258;143
P51530	207;425;257;391
Q9NVM9	611;268;589;507
Q9NYP9	232;162;190
P12268	195;167;242
Q5TA45	115;289;369;462
P05455	400;116;86;229;312;134;208;360;105;76
Q14166	346;451;524;342;289;447;433
Q92833	798;486
Q02790	441
Q9Y4U1	4;9
Q9NVF7	108;302
P55010	413
P49116	192;63
P20618	184;77;164;204
Q9UI95	190;47
Q9Y6X8	455;266;64
Q9GZN8	105
Q9UNP9	88;123;20;284;114;134
Q9Y223	433
Q8N3J9	257;73;113;4;88
Q96JG8	313;315;563;427;555;441;547;465
Q15910	318;634
Q9NWN3	285;703
Q9HCS7	853;677;794;393;423;770
Q9P0J0	5;7
Q9NRX1	72;132;77;236;191
Q9Y295	186;126;159;46;366;112;206;213;7;175;182
Q96BN2	24;128
P30307	303;164;175;205;69
P42766	25;43;35
C9JLR9	671;375
P25786	243;208;41;256
P05204	36;82
P14635	111
Q9Y617	33;51;300;127;117;94;16;274
Q9BRU9	179
Q9HBM6	5;108;241;239;171
C9J813	209;170
Q9P2R6	560;637
Q96JK9	275
O43159	454;440;201;157
Q9BQ52	742;279;135;768;152;762;260;159;678;751;784;258;146;811;424;731
Q9NY12	134;107
P30876	134;1010;869;264;214;942;199
P14174	78
Q92688	68;86;99
Q13330	462;361;549;182
P05067	662
Q9UBB9	86;589;277;311;241;159;780;182
P28290	808
P06454	103;15
O60281	2166;629;2689
P07195	156;7;310;279;233;77;308;318;332;329;319
Q5UIP0	1027;1512;1591;1880;539;952
P08579	93;77;111;211;85;101
Q96JH7	390;870;362;691
Q8WU79	152
P18124	202;77;7;19;212;88;127;148
Q14137	253;339
Q96EP1	238
Q14738	82;489
Q9Y4B6	1343;834
Q15014	175;130;124
Q9ULD4	457
Q9H930	292;193;169
Q16587	130;582;358;231;302
Q9BU64	14;33;102
Q13616	689
Q9BTE7	139;103;23;8;120
P35251	498;580
Q13217	296;321;129
Q6ZSS3	100;93;133
Q9BSV6	126;123;87;115
O14972	149;168
Q9BWU0	495;642
Q5H9R7	816
Q05BQ5	481;625;596
Q6P088	68
P62318	8
Q9BRH9	157;648;114;100;99;620;108;573;403;300;496;210;595
P19419	249;271;254;230
Q13118	223;135;149;456
P22626-2	5
Q13868	51;165;273;65;180;24;97
Q9UKK9	218
Q9NR48	425
P41091	285;70;275;303;59;289;27;466;421;121;90;426;196
Q96BP3	453;472;475;258;411
P53350	9;358
Q8N165	166
P52739	601;289;231;139;220
Q53H80	86
Q96LW1	175;61;150;607;112
Q9C005	35
P06576	201;133;522;485;124;198
Q8IY22	366;20;756
P08195	147
P41002	514
P46781	116;30
Q9BRR0	171;215
Q16560	172
Q06203	403;99;81;62;372;510
Q92576	964
Q14186	190;26;320
Q13309	43;299
Q99877	6;12
Q5LJA5	154;227;303;308
P13631	172
Q9GZS3	10;139;129
Q96C36	291;47;276;307
Q9H7Z6	351;444;125;257;175;427;116
Q9BTC8	426
Q5TH30	13
Q8N5A5	106;178
Q9HAW0	192
Q5T0D5	262
Q9Y2D5	174
P28340	648;938;998;738;439;574;694;931;676;653;897;486;806
Q96FC9-3	434;247;871;450;804;62;785;277;481
P25398	129;93
Q13418	191
P15559	251;271;61
Q9Y2M0	285;778;118;222
Q32NC0	215;201;125;134
Q5VV50	104
P52948	818;594;1222;1213;665;572;1019
Q16637	209;41
Q15746	960
Q6P2C8	134;116;79;112;50
O95073	94
P42285	126;51;408;437;358;192;100;684
O95619	217;212
Q9BRT9	47;142;164
Q9UBW8	206;217
O75419	550;323;350;337;120;519
Q9UHI6	473;478;720;608;547;91;507;724
Q9H9J4	279
O96000	121;131;91;105;72
P14373	382;79;304;140;380
Q69YN2	515;175;256;277;174
Q8IX18	40;387;88;427;108;404;147
P59780	166;185
Q8IXW9	66
P85037	375;388;207;226
Q6UB99	1446;385
Q9NTZ6	593;543;636;492;893;361;392;485
Q96BW5	81;343
O95456	193;11;251
Q9BSC4	605;464;74;474;573;432
O60244	1256;626
Q63HK5	471;517
P25789	176;160;205;210;238;64;187;118;195;239;127
P62917	60;42;149;177;144;234;156;119;181;10
Q9Y2T2	366;135;406
Q16526	159
Q9H633	145;125
P26639	717;65;712;18;504;75;660;5;636;12
Q86XP3	270;519;568;899
P04181	421
Q15717	50;320;182;72;55;191;104;313
Q4V339	41;35
Q96HI0	477;702
Q9BVC3	140;247;105
Q15181	253;176
Q7Z2Z1	636;1780;528
Q8WVK7	105;115
Q96DF8	142;93;22;429;276;123;345;34;86;285;247
P52741	135;139
O95081	173
Q3T8J9	1294;33;921;816;1002;165
P62888	57
Q96GX2	67
Q8TF32	5;123;12
O14757	313;292;225;132;233;260
Q9BRJ2	288
Q6UWZ7	398;358;368;384
Q92905	210;180;194
Q9Y244	39;11;61
Q49AG3	46;169;583;680;73
Q9NPA3	173
O15160	224
Q13257	200;166
P82673	300
P10768	247;209;10;4
O95936	611
Q9HB96	272;260
O95168	120;7;5
Q53H54	354
Q9H981	385;507;447;225;431;404;443
P49761	433;317;334;557
Q16531	1121;70
Q99576	53;98
P35613	243;191;187;366
O75436	242;30;232
P54278	651;766;57;413
P55769	113;21;107;9;33
Q7Z2T5	255;585;594;247;346;223;644
Q9NXX6	230;109
P11926	247
O14893	137
Q9Y6Q9	786;723;167
Q9NVR0	307;495;452;469;298
Q8N0X7	465;412;481;370
P48556	227;297;135;324;243;111
Q6P1R4	147;309;296;391;3;182;195;166;370
Q15916	151;179;102;198;201;96;83;399
Q9Y5Q9	41;234;245;534;481
O75312	447
Q9BYT3	482
Q15572	131
Q5RGS4	157
Q9C0B1	194;121;216;504
Q8TD26	2172;2054;2424;1992
Q9UHJ3	252
Q6KB66	356;71;80;84
Q8TCN5	424;121;412;844;392;542;203
P08574	170;177
Q9NTJ3	867;1285;1087;468
Q96FT9	54;69;76
Q8NCM8	980;1087
Q96FJ2	43
Q13901	126;46
Q8NFH4	118;103;2;114
J3KNZ9	272;784;602;528
P08397	115
Q8N108	420;239
Q9NSV4	536;1053;508
P53602	5
Q9UJX4	229;698;683
Q5THK1	1334;2141;1463
O14929	110;15;304;320
Q9NQG6	88
Q03393	143;38
Q96T60	183;226;162;152;235
P42696	297;251
Q9UFC0	272
Q8IYN2	62;17
Q9UFF9	269;206;254
Q5T653	297;78;293;118
Q9Y2G9	1229;335
Q96H12	154
Q9UBD5	21;616;96;428;537
Q9P032	51;113;73
Q9UQ84	490;406;363;391
Q2TAK8	538;532;5;460;182;438;574;451;694;52;685;682;642
Q96EV8	170
Q9BWN1	438;281;256;428
Q8NFZ0	427
Q06587	403;285
Q969F9	19;450;256
Q15056	245
O95243	328;215;263;368;270;361;565;281;397;335;56;421;239
Q86YR5	117;107
Q14683	177;918;1000;1026;294
O15062	330;404;541;239;415;594;322;645
Q15645	9;316;185;81;35;288
P61966	133
P42677	22;5;16
Q9P2L0	42
Q9H175	472;200;10
Q9H9V9	447
Q9UKT7	178;190;204;116;201
Q15345	375;339;386
Q5VTR2	324;537;22;778
O15111	146
Q9Y263	537;554;325;567
P35232	186;240;202
Q10570	1241;1055;102
Q96EB6	578;408;572
P09211	128;121
Q9NYL9	169;209;96
O76064	214;188;173;235;337;67;315;226;376;178;274;155;192;206
Q9UEE5	317;399;188
Q8IX90	183;135
Q9NX07	166;151;80;137;68;176;127
Q9UBS0	285;407
Q9NWY4	253;233;149;220;46;249;191;186
Q8TCJ0	17
O95749	296
Q9Y330	181;130;212;134;331
P78346	45;183;50;236;218
O14579	23
Q13829	144;238;235
P15927	93
P51784	766
Q96CG3	48;108;93
Q96EA4	437
P15036	24;91;7;173;411;392;84;416
Q8NBU5	274
Q32MN6	174;192;130;282;167
P13995	50
Q9H6E5	331;334
Q16881	514;607;458
Q9UL03	695;537
Q08117	19;44
P42695	1258
P12081	250;51
Q9Y605	123
Q13823	58;242;507;635;309;323;334;424;388;402
Q86YC2	641;279;203
Q9NXN4	299
P56282	523;191;105
Q7L5N1	113
Q9GZN1	226
P26196	458;482
Q9Y282	6;190;126;289;8
Q9GZS1-2	32;170;134
Q86SE9	130;116;118;27
Q8N3J3	540
Q9Y2R9	63;81
Q9BRG1	68;161
P19525	416
Q9BQ04	97;79;71
Q9HCN8	209
P50995	499
Q9GZU8	172;129
Q9H9Q4	180
Q9HAY2	38;251
P04183	220;203
O75676	532;664;163
Q9H211	356;259;377;166;100;97;218;470;522;141;433
Q9H6Z9	231
Q9BYN8	165;142
Q9NRF9	20
Q2TAA2	237
P32929	152;48;141;73;165
Q9NV06	56;423;18
P09001	70;188;62;225;298;220;76;141;256
Q9NZD8	5;235
P51955	143;362;156;353
Q8N1G1	627;647;921
P17568	81;134
Q14209	270;187;88
O14818	218;52;204;227
P49427	11;182;18
O15213	533
A1X283	531
Q14146	267
Q14318	334
Q8IZ73	64
Q96PZ0	609;619;221;176;498;650;118;31;131
Q15046	574;10
Q9NUP9	98;161;23
O95382	540
Q9UBQ0	73;30
Q5VV67	1264;421;734
P54619	185;234
O75935	50;182;39
O15372	37
Q76L82	1363;1414;1029;1298;378;362;1239
Q9Y620	42;864;603;639;542;226;872;777;118;171;509;490
Q9UPP1	570;244;117;248;891;166;545;213;882;99;673;732;576;915;446;207;682;486;467;523;1043
Q9H9E3	571;393
P0DMM9	16;265
Q9H7B2	37;31
P82914	107;228;251
Q96S82	100
Q6PIY7	82;153
Q96RR4-5	314;476
Q96T68	160;620
Q8IWZ6	333
Q8NB37	77
P31749	112;30;385;189;276
Q969P6	190
Q9UBK9	113;126;154;16
Q9UII5	326
O96004	163
O95935	285
Q96EB1	214
Q9NWU5	191;50;112;184;105
Q16236	518;219
Q00653	19;321;90;179;298
Q9H816	377;446
P61421	265;275
Q9HCG8	478;397
Q7L2J0	21;643
O75792	198;64;267;69;183;192;215;26;221;167
O43187	184;122;613;176;215
Q96MN5	137;56;87
Q6DU44	343;167
Q99457	231;203;259
Q9UH73	16
Q8IZ83	50
Q6P5Z2	140
Q9Y692	359;375;30;538;131;139;158;182;122
O15417	620;1258;974;509;1058
Q8NEM0	553;297;250;186;105
Q96RU2	64;743
P30279	45;270;173
P49643	65;462;270;474;54
Q13206	709;734;441
Q5R3I4	449;56;29
Q15475	132;173;82
Q9H0A8	50;189;66;59;100;53
P31274	119
Q13686	64;87
Q9NZC9	647;275;196;189
P15104	14;276;95;103;291;334;372;268
P30304	120;323;353;414;169;257;141;358;289;343
P02794	72
O14977	169;140
Q5W0B1	333;586;722;710;142;582;264;292;189;455;425
Q8WY54	762
P54709	182;213
Q9BTE3	582;47
P51970	14;19;132
O43435	293
Q9BRA2	98;89
Q9Y247	116;61;181;74;42;5
Q86YA3	234;260;83;627;364;183;870
Q9Y6B7	606;537;465
Q8TE77	523
Q92993	451;310
Q7L576	1053;546
Q71RC2	216;265
Q969P5	29;17
Q12996	17;513
P50219	322;240;303;261
Q8N0X2	96
Q9Y5V3	147;79;189
Q9BXP5	413;256
Q99873	135;223;133
O43505	401
O75083	480;437
Q03933-2	396;237;108;115
Q9BUI4	192;198;214
P30291	207;304;590
Q9BZD4	165;181
Q9H6R0	379;149;211;505;168
Q96GE4	630;387
Q8IZ69	266;242;197;567;187
Q7Z6V5	172
P29401	352;343;232;310;538;543;319
Q9BRX5	207
Q5T6K7	59
Q9Y6M1	497;583
Q15165	159
Q9BRK5	188;66
Q9H8G1	5;530;514;188;471;520;196;539;12;502;402
Q9UET6	261
Q9UL54	595;153
Q96I25	15;24;256;110;58
P34932	194;53
Q15274	295;171;183;225;288
Q9Y2Z2	577;275
Q9Y2K2	279
P63092	186;8;211;307;91
Q5BIX2	9;2;29;358
Q9BZG8	288;437;209
P41970	113;162;92;165
Q16891	506
Q7Z2E3	166;62;328;186;94;73;119
Q9BYB4	161;155
Q9UJA3	118;651;208
Q92541	678
Q9Y530	18
Q15843	11;48;33;54
Q8TC92	430
Q9BWS9	56
P47813	94
O00487	264;246;273;152;215;154
Q96E35	111;5
Q14094	324;2;33
O94768	62;24
O75694	973;740;998
Q6P4F7	490;897;501;1019;598
Q8IWZ8	427;95
P05198	276;97;312
Q96CP2	101
Q9H5J0	532;181
Q8NEM2	567
Q9HDC9	123
P17987	499;199;532
P43250	466
Q9UM11	125;336;96
Q5T3I0	46;8;200;212;186;13
Q8IWC1	286;188
O00743	283;17;188
P25788	174;179;57
Q7KZF4	641;513;71;339;177
Q9BVI0	854;803;240
Q96EZ8	211;219;206
Q5D1E8	57
P53396	4;97;630;259;635
Q96EK4	19;291
Q9ULW3	247;179
O95229	196;239;162;116
Q96DN5	392
Q92665	107;198;209
P62136	6;305;141;113
Q9H2U1	139;105
Q9BVK6	48
Q9UGP5	27;378;544
Q5JYA3	64
O95997	33;25;9;21
Q9Y4X0	9
Q14566	205;102;197
Q86YH2	9;247;272;89
P04035	692;715
O14772	325
Q06546	424;428;349;3
Q9BXL8	9;25;160
Q96LA8	8
P61599	163
Q86XJ5	231;255;210;245;85
O43920	101;91;57
Q4L235	745;544
O43264	444
Q6ZN54	154
Q9UG56	201
Q8NFG4	272
O43593	733
O43175	21;394;69;384
P35638	130
Q96GX5	358;266;322;595;269;8;258;634;179
P62745	104;135
Q13362	413;432
P27361	357;32
Q9NXF7	210
Q6P1K2	154;96;116;16
Q6PJ69	325;164
Q9UKF6	545;465
Q5TKA1	15;326;21;104;202
Q5JYC3	165;138;202
Q9NQX7	14
O75934	218;177;210;97
Q96PU4	548;307;575;679;589;401
Q14691	51;141
Q9H1B7	458;371
Q8TDB6	306;80;228
P42224-2	703
O00625	135;175
Q8TF76	274;470
Q5T4L1	192
Q96NG3	138
Q9Y5N6	210;248;168;238;224;214;70
O75663	126;117;245;140
P53618	494;501
Q6NYC1	100
Q9HBU1	126
Q07352	72
A6NIH7	24;86
Q96SB4	215
P23921	765;754
P54687	26;346;74;107;28;368
Q9P0M9	137;122;87
P57076	120;171;219;210
Q9HCJ3-2	562;594;74
Q9NPC7	103;168
Q6ZRY4	43
P13489	205
Q05GC8	72;509;544;522
Q9P2J5	278;381;807;659;82;341
Q9ULX3	333;315;104;330;56
O95260-2	148;160;269;103
Q14249	214;220;66;290
P11766	18;233;330;7
Q9BQE5	193
Q00987	146;412;346
Q7L8W6	87
Q9Y266	105;96;275
P55212	27;144
Q9UI43	219;48
O95707	90;146;54;215;132
Q86X27	283
Q8TEY7	126
Q8IXK0	598;632;600;841
P62304	80
Q96NW4	257
Q9P287	174
Q9Y262	356
O14733	400;245
Q9H6S0	147
Q53H12	196
Q15796	156
Q9NXH9	105;487;100
P51571	73;95
Q68CZ6	323
Q9GZR1	311;628;102
Q9UKA9	256
P48729	8
Q5T6F0	393;254;238
P13994	75
O00170	112;156
P35227	51;88
Q96AP4	114;525
Q99538	125
Q9NRG9	425;52;56
Q9UJU3	256
P28562	122;280;221;289;97
Q9H4L4	505;520;43;558;357;446
P33992	141;396;129;206;350;581
Q6PIY7-2	221;259;424
Q13415	354;164;149;359;25
Q9Y5A7	306;159;329
Q8N488	77
Q16665	240;185;85;297;10;377
A6NKF1	378
Q8IYA7	192
A6NLC5	14
Q99570	918;68
Q96G46	73;134;31;416;154;306;435
Q8TD19	318;327
Q86XR8	248
Q3MIT2	257;313;443
Q86UY6	46;28;60
Q7Z7L7	758
P49642	377;284;95;367
P31153	367;265;234;81
P00505	363
Q6NXE6	208;218;56;450;74
Q9NP64	165
Q96JK2	734;598
Q8NFT6	146
Q9NUJ1	194
Q9UN79	139;25
Q92804	283
O75817	46
Q92616	821
P99999	100;40;28
P48200	803
P08559	385;321
Q6NWY9	838
P40926	324;203;215;296;307;314
Q99871	44;218;105
P62195	15;196;130;397
Q6DCA0	22;259;239;13;25;176
P38606	163;5;132
O75820-2	53
Q6NXE6-2	336;249;397;451
A8MXQ1	148
Q9HBM1	107;37
P60866	8;34
P25325	170
Q02878	262;5;94;260;131;207;239;251
P23526	322;20;318;389
Q9NVJ2	141
Q96LD4	396;230
A0A087WZ32	91;195;296;151
E5RJR5	142
Q01581	305;428
Q7L4I2-2	294;346
P33240-2	189
A0A0A0MRM9	656;32;581;424
P56545	6;279
Q7Z353-2	86;174
Q9P0M6	239;246
Q14103-3	129;197
A0A0C4DFQ2	430;239;241;192;156
Q9UHQ7	57;40;42
Q96GY3	7
F8WC68	12
C9J712	42
Q9GZY4	144
Q92890	280;267;264;255
P49207	108;105;85
Q5JUW0-2	111
A0A024R4M0	66;180;93;91;139;155;121;11;52
F5GZS6	584
K7ELL7	180
P78406	363;100;137
Q5TB30	164;734;460
Q9Y3T9	70;245;562;144;649
Q9NRZ9-3	699;763;80
Q9H974	247;339;211
P0DMP2	197;243
P08243-2	364;170
Q99728-2	108;286;105;631;577;111;404;125
Q15723-2	459;172;207;176
Q7Z2E3-7	160;184
Q15428	103;10
Q96C28	144;122;230
Q8NDX6	34
O95218	95;46;43
Q14498-2	119;244;16;21
Q8N7M2	476;280
Q5JVG2-2	374;304;279
Q8TBZ8	438;539;46
Q8NI77	794;398;549;24;868;894
Q9NX65	152;400
Q9HAU0	301
O95409	253
P15622-3	416;220
P47712	541
Q9NX58	207;14
Q03111	262;342;252;240
P28324-2	167;164
J3KR72	253
O95926	143;49;234
Q9Y2G7	141
Q14159	84;391
B1AQP1	278;260;160
Q9UIG0-2	849
J3KNF3	1095;1645;398
O15391	351;218
P10073	443
G3XAI2	239
Q9NWS9	330;130
O75475	75;6
Q6IQ21	333;683;121;391;350
Q9P209	160;364
Q9H9D4	593;605;494
Q96IT1-2	439;555;617;440
Q86XN6	324
Q9UI30	2;68
Q14493	98;146;118;67;156
P17035	269;437;633
Q9NZL3	625;473;557;454;640;5;524;678
P46778	129
P04844	306
P68371	58;350;216
Q9NX38	154;172
P62913-2	51;153
Q5HY98	75;87;367;157
P10242-7	598
A0A0A0MT18	463;489;405;477;249;333
Q96EZ8-3	43;61;31;384
F8WEC7	546;529;623;716;608;744;306;481;663
Q96HQ0-6	120;169
Q9BWF2	453;235;80;462;61;205;127;425;304;251;150
Q96GN5-2	363;150;155;279;176;158;346
A0A0D9SER5	11;447;640;29;20
Q9NP50	110;205;104
P52747-3	374;308
Q6AW86	214;268
Q9BVQ7	743;715
Q9H707	198;176;308;251;161;280;369;266;88
P98169	561;343;5
Q6ZRI6-2	17;850
Q8IWY8	180;147;576
P30305	242;367;413
Q5JP53	40;306;234
Q6VMQ6-5	557;909;1245
E7EWD6	1231
Q9H0I3	53;226;112
O94761	332;386
Q9H3R0	1031;496;465;97
Q9UJY4	219
P49761-1	180;206;309;312;140;425
A0A087WT20	201;511;528;230;170
J3KNQ1	81
O14628-5	518;360;385;275;197;376
E9PF10	1322
Q9UKD2	109;23;130;71
Q6ZN55	477;745
Q96ME7	333;18;227;379;100;541;84;344;299
Q5W0H4	102
Q9UJW8-2	648;164;244;660;141;303;199;452;424;272
Q9BWM5	366
Q9UNP9-3	308
P61158	264
Q96P11-2	144;22;82;155;262
P0DMV9	71;507;100;246;77;524;559;328;526;348;257;451;159
Q00613-2	157;148;116
O43172-2	44;145;52;26
Q9BZ95-2	628;532;1009
P41223	42;125
F5GZ90	390;666;218;108;81;495;344
K7ES28	929;890;410;1062
Q9UHK0	229;277
Q8TF20-2	144;670;436;490
Q9GZR1-2	182;494;527;608;521;412;399;267
Q9NW38	139;22
P48163	569;412;519;337;536;422
P42568-2	261
P10074	577;533
Q16658	399;241
Q8N567	173
P46779	33;122;58;65;72;84;47;127;101
Q15935	378;204
P35869	24;510;401;32;641;303;88
Q9BWT3	481;31;82;46;672;341;109
Q96RE9	265;195;91;603;332;519;477
Q96C92-2	101;252;111
Q9Y508	126;122;102
Q9BWC9	269;195
Q92466	309;187;132;151
A0A087WTU9	3668
O75928-2	350;562;502;464
Q9BXP5-5	632;150;220
E5RFJ1	162
O60304	336
H3BUJ7	559;283;276;223
Q15054-2	177;173
Q9NSI2	118;99;66;172;57;104
Q9Y5W3	122
Q96IR2	367;117;941;661;440
Q8NG31-2	1046;1203;226;631
Q86WZ6	295;534;353;745;233;378;209;242;198
O95758	137;431;506;14;423;216;257;264
P54277-3	466
Q6P280	308;268;128;560
Q6PIW4-2	147;228;169
O14908	210;111
Q5TBB1	250;259
A0A087WT08	535;22
Q7Z3I7	466
O75419-2	482;365;282
O95232	424
O95817	445
Q96E09	89
P49321	736;636
D6RDM7	14
Q9ULH7-4	639;878
B4DXZ6	43
E9PIF2	649
P35637-2	333;364;356
Q9BUT1	42
Q5T5I6	131;20
B2WTI4	151;253;154
Q8N684	148
Q15293	81
P45974-2	163;360
Q99575	379;46
C9JNW8	44
A0A024RAC6	461
Q8IVH2-2	173
Q3KNV1	101;265
A0A0D9SFB3	215;138;118
P18669	100;225;176
E9PS42	91
J3KPZ4	158
Q5JSZ5	963
Q96JB5	450
J3KNW4	277;188;363;330;249;254;228
Q9UGI8	71;183;6;173
Q9Y5S9-2	27
Q96E39	80
Q7Z417	281;109;74;146;307
Q9BU76	104
Q8IX12-2	1120
P53814-5	668;506
Q08ER8	309;442;85;210
J3QLC8	27;45;76;157
P61353	117;73;107;98;93;133;52
Q15928	421
S4R313	179
B0QY21	132
Q9NZI8	475;487
A0A0A0MQR2	254;309;107;116;275;113
Q8WUB8-2	193;265;239
Q9UQ88	458
P52565	138;52
O15541	316;227;151;161
Q96NJ6	307
Q8N4W9	313
P07900	407;84;112;74;294
P78347-3	240
Q9ULD5	452
Q9H8E8	411;225
P19532	330;339
Q9NZI7	47
Q9NW64	324;139;104;109;149;290
Q68E01	508
Q9H165-6	123
O75643	46;1595;469
Q8WYB5	673
Q8TED0	249;236;5;462
Q96JP5	183;271
Q1KMD3	58;151
P10071	462;438
Q2M1K9	1128
Q8NB78	250;518;178
P28702	180;314;452
Q9NTI5	380;1228
O75030	423
K7EN65	134
Q9H0C8	71
P17980	209;432;245;16
Q14202-2	786;778;796
O75182	150;141;117;256
O60506	607
Q86V59	211;197
Q9Y2W2	572;557;565
Q9UMX0	47
Q86UP3-2	1180
P0C0S5	116;102
Q92800	327
Q01826	744;58
Q8WVM7	1161
O75131	211
P17022	17
Q9NV56	127
O75478	132
O00287	198
Q9NQT5	151
Q53GI4	178;65
Q8IX21	472;381;48
P17861-2	111
Q5VWN6	2007;1903;1565;484;2022
Q9BSI4	302;306;341;353
P43307	240
P51513	132
O15550	1034;412;719
Q9UDV6	217;138;328
Q13887	162;209;31;52;110
Q5H9M0	232;225
A8MTY0	199;448;479
Q96G74	370;386
P67809	26
P68133	70
Q8N257	12
Q9UQ35	108;1186;980
Q9Y5A6	27
Q4ZG55	1433;1802
Q14CB8	481;456
Q13127	762;445
P11177	52
Q9BVV6	284
P60174	275;179
O95071	346;2136;595
Q9UEY8	484;470
Q9Y5Z7	553;437
O43313	266
Q15291	129;474
Q9Y467	246
P00441	137
Q9NU22	5233
P40424	40
Q99700	893
P35222	19
Q14966	1820;1676;389;1840;395;1330;740;196;130
P19484	347
O96019	62;112
Q9GZL7	376;39;239
Q9BW85	145;119
P48444	243
Q6PEW1	133;328
Q9BYV9	421;614
Q5VY60	426
Q9NXL9	919
O60716	517;408;433;728;421
Q8IUE6	120
O95149	298;345;228;223;34
Q96PZ2	30;505;20;304;65
Q14103	72
Q9UNS1	1106;1085
P55198	360
Q96IY1	231;161;59
Q0JRZ9	297
Q9NQV5	172;214
Q7Z7F0	532
Q8NEZ4	4025;2823;3719
Q71F23	63;249;176;413
O43829	249;46;203
O94762	521;661;294;43;598;592
Q15257	345;27
Q9Y692-2	30
Q2KHR2	662;441
O95292	147
O95478	80;189;107
Q9H8H0	247;52
P51523	169;112
Q99814	394
Q6PD62	578
Q8TF47	448;432
Q6DJT9	244;263
P35711	156
O75190	302
A5PL33	259
Q9NQV6	754
Q92889	530;500;452;350;445;360
Q15904	211
Q8ND90	249;260
Q96ST2	739
Q15831	178
O96006	519
Q96PU8	8;10
Q2TAY7	379;200;194
O94826	275
Q9NPA8	74
Q96FF9	197
P61970	63;55
P08238	107;284;180;531;72
Q9HCE3	980;1144;469;516
P30520	397;441;419;164
Q9UKJ3	311;1322;1338;381;577
Q9H6Z4	9
A8MV65	62
P41208	22
P10809	233;554;396
Q969E8	175
H3BS99	286
P33176	213
Q8N4H5	10
Q92499	281;432;307
Q8TEV9	428
Q9H7E2	470
O94901	195
Q52LA3	56
Q14997	1124
Q5FWF5	340
Q13501	435
Q8N1G2	487;93;260;97
P05386	33;92
P05114	82
Q8IX07	203;463
O95757	519
Q8WYP5	1082
Q12968	703
Q5T760	211
P49419	109;537
Q9P2E9	559
Q9P2I0	654;499;472;481;130;587
Q8WUF8	412
Q13772	191
Q6N021	982;1055;1950
Q9NUA8	172;672;834;379;331
Q92698	441;407;248;53;83;363;662;630;302
Q9UNY4	143
Q9HBT7	258
Q9UPG8	269;356;250
P08621	87
O75534	91
P10914	275;78
Q92786	353;212;324;556
Q5VV42	404;132;45
Q96EI5	29;142
A0A087WVF4	92;108
O43252	12;243
Q15269	115;128;268
Q96RS0	191
P07910-2	98
Q96EV2	771;1094;23;877;934;202
Q13049	282;204
Q9UNA4	308;701
Q9UIF8	1425
Q9P0U3	396;322
P18146	272;305
Q96AP0	467
O95125	454;22
Q9ULX9	14
Q86Y97	202
H7C382	111
Q6UN15-3	195
P22102	1008;411;156;251;404
O95453	198
Q6VEQ5	220
Q9BVI4	329;138
Q01538	774;388
Q9UBL3	253;225
Q99832	430;247;366
Q15788	846
Q14674	313;1374
Q14004	547
Q9H2Y7-2	6;37
Q8NEJ9	38;48
Q96HA1	541
Q14432	1120
Q5SRN1	63;387;161
P80723	150;97;163
Q7KZ85	111
Q9UL40	114
Q9BXS5	141
Q01954	545
Q9H8G2	104
Q8N9T8	297;413;158
Q5T5D7	59
Q5JY65	158;201
Q92878	132;211
Q9H2G2	691;429
Q9HD64	65;12
Q9UHD9	43
Q16186	386;34
Q96SI9	57
O75718	312
P78549	174;83
Q9HAP2	562;595
P30532	100
Q86V97	41
Q5JX02	33
O43309	20;25;212;470
Q5VYK3	1039
Q9BTK6	161
Q9HC52	227;240;274;295
Q8N3U4	1130;346;755
Q9H3K6	73
Q8N988	134
P12755	335;200;48
P52435	47
P18031	347
Q7L2Z9	180;34;130;220
Q9NSQ0	16;14
P10412	17;97
Q13426	285;210
O76071	332;109;2
Q14141	316;66
P17096	15
Q8WUJ0	5;203
P40925	142;220
Q5U623	672
Q8NB91	779;68
O60870	202;231;271
P43268	441;322
Q8NEB9	624
O43913	242
Q6PIJ6	963
Q9BZE2	392
Q12874	69;115;64;24;390;201;291
Q96HJ9	86
P78371	170;13
O60841	1160
Q15021	749;1301;1288
Q96BA8	129
Q5QPM9	50
Q9Y221	72;62;100;148;50
Q9HCS4	337
Q6V9R5	177
Q96MG7	83
P32119	10;16
O00268	868;916
O75909	375;342
H0YAB3	162
O75530	385;284;197;335;275;83
P41250	547
Q14585	328
Q6I9Y2	186
Q96EK9	14
P26368	15
Q8IVF2	116;784
P42229	696;700
O60381	297;160
O15318	61
P54578	348;400
Q9UNN5	637;508;566
Q5MIZ7	736;726
Q9Y5Z4	197
Q9Y450-2	470;285
Q86XK3	73
Q01196	43
Q6N065	276
Q9ULL5	881
Q14593	288
Q6MZW2	205
Q15915	300;222
P17025	182
H3BSZ2	144;263
P13798	118;180
P14859	272
Q9H814	86
Q8IVW6	231
Q7L945	99
P35658	203
Q8WU10	196;119;91
P22392	135
O75683	87
P49327	1158;1866;326;1142;298
Q9Y3F4	317;131;246
P61962	73;81
Q02952	1051
Q92754	202;10
Q9Y573	270
P54577	272;412
O14530	35;150
P15531	12
P15336	122
O14639	620
Q86W11	172
Q6B0I6	25
Q96L50	72;78;127
Q8N5Y2	156;295;42;339
Q9Y4X4	32
O60284	237
Q96F45	109
Q5JTW2	574
Q9UKN5	742
P57740	201;502;773;785;637
P09661	3;30;149;56
Q15464	187
Q9NQZ5	339;125;137
Q8TF01	496;218
Q9H3C7	345
P30101	104;366
Q86VK4	9;237
Q99956	324
P41252	314;817
P49773	30;7
Q6KC79	2260
Q8N6T7	316;296;160;300;245
Q9NXR7	162;41;382
P28347	331;173;336
P48378	710
O00422	126;104
Q5T5C7	266;494;154;249;28
Q96HT8	68
O75822	66
Q5TAP6	732;103
Q15691	151
P09455	38;82
O14654	835;928
P48739	44;167
Q99661	426
P61604	80
Q5T9P8	42;59
Q13685	209
Q9Y3D8	148;16;30
Q9HCC6	8;39
P28360	15;51;133
O60318	395
P54198	594;55;574;630;416
Q9Y6J0	260
P04040	38
Q8IYN0	164;514;12;133
Q9P2Z0	253;98
P49356	427
Q13526	6;132;82
Q9NVU7	541
P40425	50
P52952	52
Q9BT17	115
Q92791	174
Q9NRD5	22;13;83
Q6UXN9	280;188;150;201;84;98;2
P52564	181
Q86UW9	432;584;388
Q9HBK9	22;145;327;348;340
Q96GK7	224;128
O14717	188;204
P78395	160;214;157;251
Q00013	4
P62899	101;115;70;75;55;39
Q9BTE0	33
Q7Z6J9	468;92;340;215;382
P28749	970;746
P38117	238
P28715	201;111;433;84
Q96G26	179
Q02078	90
O00571	564
Q9UN36	13
Q9Y3P9	928
Q9NR50	349;183;367;259;165;422
O14976	175
O43474	278
Q8IZL9	129
Q9BQA1	145;121;3
P35453	299;289
Q969H8	137
Q9GZN2	155
Q15813	100
Q969S2	31;24
O75190-2	232
P43490	216;342;53;117
O75821	24
Q8TBF4	184
P29084	129;271
Q9NW15	648
P14324	332
Q5TAQ9	503;529
Q8NF64	101
Q92871	30;171
P36508	24;324
Q8NI35	822
P47897	769;601;620
O75044	381;433;180
Q8IZC4	438;101;585
Q14116	115
O14907	53
P06744	550;466
Q9H9L7	8;81
P06746	234;168;244;141
Q07021	174;91
Q5VT52	30;658
Q14671	270
Q99436	195;41;237;225;31
Q96MP5	680
O60663	166
P17098	441;174
Q9BS31	462
Q9P1Y6	655
P61077	128
Q1L5Z9	400;266
P35244	104;39
Q15417	232;158;17
Q6PI98	109;63;141
A2RTX5	125
P53677	388;135
Q15008	362;165;372;13
Q5FWF4	476;116;1023;822
P51812	541;195
Q14697	237;472;220;269
Q86V20	319
Q9BWU1	355
Q13283	214;64
Q8NBT2	161;70
P55055	31;447
Q13424	276
Q9H8N7	63
P56524	559;236;281
Q86VX2	90
P49720	83;17;77
Q99967	262
O14981	248
Q9BRP1	6
O75845	297
P58546	11;114
P43897	183;161
P17509	221
Q6B0B8	409
Q3SYD7	109
Q9BSU1	334
Q9NQR1	103;123
Q96BY2	264
Q9P287-2	262
Q14201	160
O14744	333;479
P55197	401
Q6P1Q0	292;54
Q8N5M4	12
Q99717	64
O95163	1110;926;706
Q15397	301;623
A0AVK6	858
Q9NX74	477;354;337;146
P78337	157
Q92879	83;184;95
P35250	46
Q8IYD8	1749;1442
Q9UK41	17
Q96RU7	197
Q15126	48;69
Q14257	282
Q9C0C6	374;365
O75808	1066;293
Q49A59	75
Q9ULD2	644
Q9UHC7	113;197
P53816	91
O95376	460
Q9UBP6	40
Q96EX3	477
Q9NWV8	117
Q13495	203
Q14204	3774;2104
Q96HA7	391;323;336;275
P11172	219
P27448	317
Q15366-7	181
Q9BZX2	96;73
Q9NPQ8	353;450
Q8NEA6	470
Q5JS54	113
Q9H2F5	673
Q96L34	183;320
Q9Y5S9	100
O60673	1693
Q14494	629
Q5T8A7	173
P49753	368
Q5VTL8	36
Q15208	420;58;462;214
Q8N1W2	110
Q96AX1	67
Q8N302	357
J3QR44	266
Q8WX92	398;547
P20340	192
Q5QPR4	624;611
P11047	297;164;268
Q0VDF9	457
Q9NS69	141
P82933	202;253
Q15020	17
P13805	167
Q0VDD8-4	93;102
Q7Z2W9	146
Q9NPF4	13
P22314	443
Q8WY91	550;489
Q8IVH2	378
Q9BY41	221
O43251	189
Q8TEQ0	552
Q4G0S7	135
Q16890	198
Q8NDA8	388
Q68DN7	112
Q5SY34	64
Q9C0D2	951;634
Q9HC98	260;98
O60306	775
Q96AB3	185
Q9NWS1	405
P78417	143
P16152	242
Q92771	354;330
P08133	456;579
Q96SZ6	546
Q96ER3	421
P51648	343
Q68CQ4	746
O15379	3
Q96F63	36
Q9NZJ6	347
P81133	576
Q9H6E4	183
P52298	151;7
P06737	557;206
O75506	69
Q14188	328
Q9NQ55	303
Q9BSL1	330
Q15842	361
Q9Y3I0	357;504;158;206
Q9NNW5	533;855
Q9H5U6	82
P36402	98;36
Q8TCG2	150
P62140	303;25
A5PLN9	7;269
O14777	462;264;360;346
Q96EF9	60
Q9GZM3-2	89
Q8NFU7	291
O75461	142;141;9
Q01664	147;285;10;189
Q6ZWE6	195
O15315	71
Q7Z3K6	483
Q969Q5	147
Q96SD1	368
Q9NP31	221
Q8NCN2	474
Q14241	130;325
Q9NVS9	202
Q04726	569;184
O14641	68
Q93075	651;138;262;282;740
Q9UG01	855
Q7L2H7	365;227
Q5T8P6-3	630
A9UHW6	10
Q86X83	50
Q969T4	39
Q9H6T0	224
O75865	158
Q2TAM5	315;37
Q8NI27	139
P43686	409;397;62;330
Q7Z3B4	482;321
Q8NG50	133
Q9Y4C1	771;1080
Q8N8B7	147
O00762	18
D6RBR8	6
Q9H204	112;176
P27708	424
O75592	102
Q9NVX0	71;226
Q9NVM4	2
Q6P996	536
Q92598	53
P48507	80;9;158
Q9BQG2	9
Q92966	199;345
P36543	69;156
Q9UHD8	445
Q8IWZ3-2	194
Q96CS2	254
Q9NZ71	243;152;19;800
Q6TFL4	441;181;347
Q9Y606	327;369;364
Q8N0W3	907
O43823	95;317
P81274	103
P23258	164
Q9NZ63	160;194;30;136
Q7L0Y3	51
Q9C0A6	189
Q9H019	264
Q9UH99	392
Q15555	138;126;213;109
P29083	296
Q16513	171
O75582	546;29
Q9NR81	102
Q9NUG6	112;125
O60716-3	930
Q8TF68	223
Q6P444	362
P13051	302;49
P19784	330;159;84
Q8IV63	223
Q8NFH3	7
P17040	213
Q5TBP9	168
Q9UPN6	18
P52272-2	159
Q9NQE9	78
Q9BW91	228
P13674	327
P42356	1749
Q9UN30	33
Q9BQI3	10
Q68CL5	14
Q9H9Y6	775
Q93063	679;690;369
Q9H0A0	978;447
Q9H8H2	654
Q15404	212
Q7Z7H5	82
Q8TBE0	325
Q92560	286;127
Q8WWL7	161
P47755	147;13
Q8N3C0	213
Q7Z3Z5	1041
Q9H553	14
Q9NVI7	621
Q15102	10
Q9Y4C2	632
Q9P2X3	197
Q9NXK8	305
O00213	68
Q92552	64
Q96C86	128
O60911	28
Q7L273	371;215
P13995-2	2
Q9Y5X3	118
Q8IUH3	97
Q9P291	77
O00472	491
Q9UQ49	426
Q16644	168
Q6P1Q9	151;53
Q6ZSC3	44
O43402	13;100
O95455	160
Q8N2R0	138;132
P68402	224
Q9BRX9	7;19;230
P13073	149;29
Q659A1	238;960;641
Q9ULC4	160;23
Q13610	29
Q5JVF3	49
Q5TGY3	1409;1238;894
Q9Y3C1-2	166
P62495	233
Q7L7V1	238
O00506	22
Q86YN6	202
P05141	23
Q86Y37	330;239
Q9NRB3	407
Q71SY5	422;440
Q7L622	5
Q7Z5L9	164;326
P17707	301
Q96RU8	233
Q8WVX9	90
Q96AJ1	247
Q14CZ0	5;23;270
P37837	258
P27540	417;540
Q9NQZ6	129
O75431	108
Q6NSM0	250;230
P42679	375;116
Q58WW2	514;183
P37268	93
Q8WV92	50
Q9H000	143
P57772	397
P18440	268
Q6P1L5	467
Q12946	7;35
O95835	608
Q6X4W1	298;430
Q9GZY8	109
Q9H7N4	943
Q9H0K6	341;485
Q86U90	116
Q8TBC4	124
P53582	86;123
Q96B26	6
P20073	199
Q9HBG6-11	168
Q5JVL4	378
P61758	39
Q14703	78
Q5QPK2	95;26
Q13438	288
P53367	34
O43791	110;64
Q8NB37-2	224
Q9HAV4	1132
Q14684	652
O00764	275
A8K0R7	395
P01891	151
O60547	21;301
P23381	465
Q92624	243
Q9HAU8	195
Q8TCG1	21
Q9BW66	4;13
P09960	83;73
Q7Z7H8	252
Q15149	28
Q8N441	275
Q86YD1	373
Q9BZR9	331
Q14331	199;110
P78344	575
Q9P0U4	141;367;427;250
P49406	205;221
Q9NPD8	141;182;156;136
Q9HBI5	52
Q96IJ6	294
P16383	548
K7EJH0	96;48
P42226	647
Q7Z5G4	11
Q9UNH6	318
O00560	119
P35659	124
Q9Y248	70;109;80;97
Q5UCC4	220
P53597	182
P52895	131;9;123;4
P32314	194
Q14790	344
Q02556	240
Q9BQF6	421
Q9NRX4	87;41
Q9BUB4	69;252
Q8IXM3	126
P31260	334
P82930	123
O43674	184
P57081	373
P32780	263
Q9UMN6	2196
Q8NBF1	320
Q96CT2	303
Q8NG08	542
Q9Y4A0	395;194
P35249	6
Q9UBP0	279
Q04637	593
Q8WVZ9	567
Q9UQ07	130
Q06945	217
Q9UBU8	204
Q96EH3	158
Q12980	109
Q5T1W7	83
A6NED2	304
P49755	140
Q5STV6	145
P49674	171;130
Q96EF0	8
O15484	598
Q9UKV0	11
Q9BTE0-2	13
P19793	245;108
Q17RB8	333
Q9P2W1	59
Q8TBB0	79;166;81
P21796	20;109;34
Q9H6Q4	29
Q8WVY7	126
Q8NG48	107
Q9BT43	150
Q496Y0	305;68;540;381
O00442	205
O95302	539
Q7Z628-2	14
Q13045	1015
Q96NA8	215
Q9HAZ1	288;315
Q15386	565
O75575	34
Q14689	36
O15047	53
Q13131	285
P78536	188
A8K979	467
P21283	156;245
P35579	47
Q53GA4	25;2
Q5T280	212
Q8TB45	67
Q9Y255	183
Q9Y2S0	24
Q9UJ83	18
Q6PGQ7	531
O60732	1104
Q8NCT3	86
P78318	241
Q5SXM2	1256
Q9BS26	76
Q9NP73	382;458
Q9BPX6	341
Q96B70	306
Q8IXQ5	188
O00299	166
O00522	103;267
Q8TAM2	516
Q9UPZ9	561;456
Q8WU76	69
Q86W42	67
P00966	228
Q8NC60	291
O75525	4
O14727	643
Q9NWZ5	170;66;254
Q9H799	2337
P52434	20
Q92572	185;18
Q14872	277
O95905	433
Q9NR45	61
Q13671	207;237
Q8N201	47
Q9H9Q2	6
Q99439	74
Q8N954	72
Q9NZJ9	3
A4D1E9	135
Q9H944	106
Q8TAT6	189
Q9BWX5	283
O95396	387
Q00532	128
P36542	115;83
Q86Y91	62;509
Q8N5U6	137
Q99497	182
Q6DN90	894
Q29RF7	1146
Q15131	193
P51946	292;305;39
O00327	259
Q00796	319;349
Q6YN16	295
Q96RK0	282
Q8WV22	157
Q9UQE7	207
Q9Y316	171
Q00403	86;305
O75398	315
Q86U70	271;16
Q9NRG4	427
Q8N6T3	194
O00154	369;198
Q6JHV3	123;113;85
O43889	169
Q9HCK1	1480;1079;854;645
P16220	330;136
Q12947	89;160
Q96GX5-2	714
Q5SWX8	50
Q9NWT8	193
Q9BXR0	236
P14625	340
Q9UL63	248
Q6FI81	301
O60488	532
Q9NZN8	299
P32519	571
Q8NFU5	336
Q9C037	183
Q6XQN6	414
P12694	400
O43491	140
Q53T94	56
Q96EP9	410
Q9P015	28;133;228
P20042	102
P17010-3	296;522;507
Q9HBE1	112;272;596;299
O00767	51
H0YHE2	43
Q8NDX5-2	672;203
O00358	19
C9J9K3	212;89;42
Q92733	414
Q49AR2	150
P27105	188
P61978-3	432
C9J2Y9	986;840;144;333
Q9ULD5-3	453
O95298	114
O60294	453
Q8WZ82	220
A0A0A6YYG7	134
Q15555-4	112
E7EW05	436
Q32Q12	81
Q6ICB0	10
P00558	30;323;146
A0A0B4J2F2	175;151;20;584
P50454	250;287
A0A087X298	224
Q8N141	201
Q9H869-6	655;233;382;414
B5MDF5	176
P78415	348
Q9BVP2-2	522
Q9Y224	131
A6ZKI3	85
Q6PCT2	546;561
Q86Y56	43
P49458	60;16
O95677	203
Q8IXH7	567
P36508-2	213;411;303
P54259	1183
D6R9P3	131;102;87
Q8WWM7	573
Q8IUH3-3	34
E9PLV1	354
Q13595	198;174
A6NN14	374;377
Q96K58	512;154;94;352
Q96NE9-2	394
Q8TAU3	511;232;364;381
P55036	122
Q8NHW3	32
A0A0B4J2G0	283;105;383;650;358;255;846
O15265-2	257
Q12772	464
Q96JC9	174;118
Q8N7W2	85
Q96RU2-2	99;759
O60784-3	340
A8MU33	234
O94972	824;693
G8JL98	99;67;202
Q6P9A3-2	210
Q0VGE8	367;175;398
A6NHB5	1277
Q96EU6	196
A0A087WWP4	202
Q9UMX1	321
Q14934-20	224
Q8TDX7	163
Q96G21	183;105;84
Q9Y657	44
B7Z7P8	390
P62258	50;142
Q52M93	576;324;716
F5GWF6	248;154;223
Q93077	96
J3QLG5	51
Q02535	2
Q9Y4W2-2	135;241;292;482;31
P83369	120
Q3MJ62	199;22
M0R2Z9	319
Q8N865	427
Q96T21	21
Q9BUK6-3	80;39
Q13769	153
A0A0X1KG68	334
E9PAR2	93
Q15910-3	696;530;39
J3QL14	181
Q9Y483	360;313;424
Q9H019-3	271
A0A087WWP8	265
P17019	298
Q8IWX8	872;844
Q6ZSZ6-2	439
B4E3T4	36
Q10586	236;257
E5RI99	26
Q5TF58	282;318
A0A0G2JIS2	600
I3L4X7	66
P27348	49
Q14995	369
Q99633	5
P11831	147
Q16594	108;5;55;245
A0A0A0MS70	140
P35613-2	63;234
Q7L3S4	33
A0A0C4DGB0	78
O60285	430;348
Q8N5I9	172
H7BY22	40
B4DX44	97
Q14746-2	503
I3L0H8	266
Q9HCE5	148;38;278;156
J3KNN7	216
J3KTL2	30
Q96AY3	570
Q9Y6X9-2	654;757;530;493;482
O43361	761;768;340;758;735;654
G8JLG1	1041;557;638
Q00688	99
P37268-5	30
Q9H2G4	165;235;11
Q8NFT6-2	232
Q15572-2	622;551
Q92979	9
A0A075B6Q3	581
C9JG97	96;404;226
Q9Y2A4	335
B3KS98	317;202
C9JJ19	213
P24385	175;33
Q9H0U6	33
Q9P2J8	582
O95999	110
Q92994	470;537;527;304
Q13200	27
P52737	334;75
O60231	340
O43482	226
P82675	405
M0QYS1	132;141;52;198
Q96F86	124;106;139
P17861	257;151
Q9BUL8	186
Q96K75	129
O75348	37
Q9H869-3	228
Q9NV72-2	205
Q9Y5P3-2	239
O43709	255;196
O43776	104;490
Q8N3J3-4	602
O76061	100
Q9BZ67-2	371
O60481-2	248
P63220	74;81;41
Q8TAS1	383
Q8IY37	431;232
K7ERF1	16
O75794	327
Q9NV31	11;14
Q6P1M9	45
E9PC49	439;306
Q96IZ5-2	9;314;336;295
O43439-5	457
Q9UQ88-4	627
Q8TBZ5	43
G3V4W4	2
Q9BTT4	91
Q96AH0	15
Q9UHV9	132;94;111
P82663	168
D3YTB1	50
Q01850	437
H0Y4R1	41
Q5VZU9	18
P14324-2	287
Q02447-3	308
Q15388	61;35
Q16236-3	510;551;573
O43822-2	79
Q9NVH2-3	909;847;277
C9K0R9	125
Q70EK8	647;947
Q96S44	40
Q9H6Y2	98
O15297	218;336;38;480;433;522
Q8IXS8	302
P46087-2	681;467
Q9NV88-3	583
A8MST6	408;584
K7EP07	55
K7ES61	50
O95219-2	231
Q12792-4	73
P45985	231
O95503	183;82;179;214;60
O14656	309
A0A0C4DG98	1431
F8W8R3	125
Q6R2W3	28
Q9UJN7	19
B4DTY2	124
P57086	21
Q9BU02	11
Q93074-3	1798;1673;1661
Q9NX05	1042
Q14684-2	702
P35813	303
Q9BTE1	10;21
Q9HCC0-2	474
Q14587	27
P07711	230;104
Q8NEJ9-2	210
P60510	183;26;300
E7EP87	501;329;332
P13196	157
A0A0A6YYH9	194
Q9NWU2	209
B0QY89	130;113;250
Q9BQ70	40
R4GMR5	235;218
O43167-2	201;175
J3QQ67	121;101;99
Q14774	175
Q9NPJ4	86
Q7L2R6	520;495
Q8NEF3	99
Q8WVD3	107
E7ET07	241
Q99684	238;48
Q9P2K6	502
G3V198	460
Q5VYS8-4	117
Q15650	128
Q9BRS2	451
G5E9C7	99
P78527-2	2715
Q9Y535-2	150;21
Q96QF0-2	457
Q9UKA1-2	83
Q05195-2	200
Q8N490-2	50
O60381-3	171
Q9BWG6	101
M0QZ59	571;615;229
Q8NBS9	429
Q86TJ2	301
Q9UHI8	648
Q9NZM5	432
G3V0F5	202
P48449-3	15
Q8N9M1-2	249;158;247
K9J957	6
A0A087WXX9	379
P63272	8
Q9NPE2	262
P49137	188
Q15334	19;502
O75444-1	283
A6NEC2	222
P35548	41
Q9NNX1-3	305
G5E9W7	170;105;292
P18846	215;260
Q96H20-2	134;20
B8ZZN6	46
F5GY90	115
P31689	301;296;144
A6NF31	52
P11172-3	317
Q8WXF8	124
P02792	68;106
P06748-3	257
P38936	75
Q9UBZ9-2	28
P52657	101
P48729-3	138;240
Q53H82	131
A8MXB9	79
P61163	230
Q8IUF1	182;204
Q4TT61	68
O75398-4	123
Q68D10	582;631
A0A087WUM7	196;339
O15056-3	112
Q5TD07	179
R4GMX3	194
P40227	5;55;129;530;127;10
J3KQ70	74;168
Q13131-2	500;71
Q9H116	621;68;117;58
O95139-2	9
M0R2B3	250
Q9BZJ0-2	63;9
Q7LC44	70
G3V483	282
H7BZ14	89
Q6W2J9-4	30;439;1408;530
Q9Y2H1	215
Q9Y366	42
Q8IZ41	140
Q8WUB2	69;209
Q9H5J8	42;148
Q5JPE7-2	1211;1019;170;762
P62879	23
Q99623	200;236;6;296
Q8N587	170;419;22;424
Q92643	309
A0A0C4DGS1	172
Q86YN6-2	984;443
Q6NZ67	110
O95382-3	902
Q9H790	370
Q9H1I8-3	450
P51665	180
M0QYA8	161;197
Q96KC8	456
Q99697	70;34
O14867	156;370;177
Q8N766-4	495
Q14494-2	645
Q92993-3	183;437;307;431
Q9Y6J9	62
Q9HCS5	578
Q01201	242
Q96A35	156
Q9P255	279;506
P43250-2	313;358;343
P46776	94;110;59
I3L184	131
F2Z2W7	147
Q96T68-2	361
Q9UPM9	129
H0YIA6	180
Q92805	556
O75400-3	191;415;375;709
A0A087X1P5	166;162
Q96F44-3	257
E7ETU9	289;149
Q9BX10	71
P49411	447
Q15544	97;131
J3KSS7	108
Q96I76	459
Q9BZI7-2	188
H0Y9K3	258
Q15047-3	383;620
Q9UM63	319
Q96RR1	642
Q5JR04	802
O95433-2	3
Q70UQ0-4	71
P35580	362
Q9BYD6	316
Q8NFC6	81
E7EMN2	21
Q14142-3	99
Q86U38	611;243
A0A0U1RQR1	110
M0R0N4	132
P17858	8;726
A0A0C4DFN1	229
A0A087WUI8	309
P39687	20
Q00653-4	210;862
C9JK83	107;180
Q9UMW8-2	189;273
Q86V86	172
Q9H1A4	275
Q9UBC1-2	252;230
Q8IYI0	183
K7ELE9	98
A0A0A6YY92	232;493
Q96L03	272
P16591-2	172
Q9BZL1	17;29
Q9NPC7-2	155;527
Q9UK10	401;258
O75385	140
F5GX28	962
P50613	328;139
A0A0C4DFU3	410
Q9UK12-2	144
O60479	112
P11586	504
O00186	431
Q15020-4	30
H7C3P9	313
P04637-4	312
I3L3W6	258
E7EQZ4	184;45
Q7LFL8	147
Q8IYI8	489
P17041	63
P30154-4	175
Q5JRX3-3	661
Q9NUP7	257
Q6P1L8	120
K7EP39	132;241
Q3KNS6-3	440;459;272
F8W1R7	81
Q96BW5-2	19
P39019	143;122;111;7;77;29;23
Q9UPQ4	81;16;225
D6RF48	168
B5MBX0	99
P25705	175;161
Q14677-2	233
H0Y9G6	96
Q16778	44
Q13951-2	11;28
A0A075B6F8	259
Q9H5V9-3	169;199;114
A0A075B6T4	517
I3L1H5	249
Q96P71-2	241
A0A0U1RRL5	290;244
Q9UNY5	28
Q86U06-3	245;19
O95071-2	663;2282
Q16533	245;209;162
H0YNW1	197
Q92826	13
Q6X4W1-2	355
P11177-3	166
Q9BSB4	167;213
A0A0C4DFM1	55
Q9Y3B8-3	173
P28072	230
Q9NV96	8
Q9Y6M9	65
P57081-2	51;83
Q96BT3	511
Q13011	318
A0A0A6YY96	769;461
A0A024RA52	227;50
P00813	284;232
O00255-3	569
C9JG41	3
Q96SZ6-6	189
P78346-2	108;42;181;138
P53567	113
A0A0U1RQF0	41
P33552	30;75
B4DUC8	57;66
F5H3R5	100
D6RC15	115
A0A0C4DFL7	162
P51513-5	418;481;436
P49189-2	246
H7C2Q8	149;88
P61326	114
Q7Z6M1	49
A0A0D9SG79	127
Q9Y6Y1-2	1413
B8ZZU8	31
Q8N9B5-2	657
E9PD53	992;182
E9PJW1	7
O95453-2	505
Q96SH1	228;273;179;12
M0QY25	205
Q5VY09	17
Q9HCI7-2	325;322;305
Q969Z3	156
V9GYL6	289
B1APP6	184
Q9BY32	56;19
G3V1D3	132
F8WAJ0	95;33
H0Y9W0	112
F6R0L0	482
P31350	59;61
Q5SVQ8	775
Q16342-3	212
P11413	97;171
P28074	257
Q9NXV2	148
A0A0A0MTL5	88
H7C3J3	220
C9J8V9	53
A0A087WUK2	311
A0A0A0MSW4	155;5
Q9NZ32	211
E7EW69	34
P83881	30
A0A087WW40	10
P36406-3	8
P35556	2407;1582;2528;1078;1019;385;2112;711;102;2435;712;1737;1774;2531;570;644
A0A0A0MR66	902;946
Q9NPJ6	55
Q96HI0-2	72
O75449	218;77
M0R352	6
H0Y9T5	167
E7ESC7	31;342
E9PMI6	5
A2RRP1	673
P17174	33
P36873	6
G5E9A6	139;312
H3BU04	66;207
Q6U7Q0	7;195;184
A5JUZ3	18
Q9BR77	193;477
P52951	152
P52209-2	35
Q9BPX5	89
Q8N6M9	94
R4GNH3	356;130
P51948	167;130
Q9H161	231
Q9H9A5-6	540
Q8WTP8	109;170
F8W889	243;258;153
C9JEJ2	183;270;228;254
Q9BZV1	430;24
Q96DE5	33
A0A0C4DFX9	266;218;230;192
A0A0G2JQN5	60
Q9Y6V7	398
Q9H9A6	370;93;210
K7ELV2	120
Q8TD23	247;151;466
J3KMX2	405;169
Q9BSD7	165
Q9NRG0	8
P36871	16
A0A0A6YYA0	83
Q9BT73	59
F8W930	276
F5GWE5	155
Q2M296	10
Q15435	244
F8VWW7	471;277
C9JFE4	121
A0A0A0MRI2	59;303
Q9BPU6	504
O43929	243
O43684-2	216;191;179
P55039	51
Q5MIZ7-3	675
Q15582	563
Q969W8	393;234
Q96S65	74
G5E9P3	155
Q8N8D1	295
Q9H0I2	343
Q9UL58	342
Q13952	124
H0YLI7	161
A0A087WWL5	514
F8VVA7	193;42
B5MCF9	424;81;516
O60701-3	242
Q96E22	197
E9PP91	40
Q13888	23;40;116
H0Y2S2	285;257
Q96AV8-3	249
Q5MJ34	412
A0A0A6YYL4	472
P58340	122
B9EGE7	744;53
Q9Y4C2-2	113
O43303	940
M0R2M8	289
E7ET15	534;831
P78345	59;241
A0A096LP39	151
Q9NYT6	53
O15144	290;136
A0A087X2I1	312
A0A0A0MSH9	41
O43347	93
Q9UQ80-2	104;233
O95544	141
Q13163-4	249
P52294	6
P28331-4	106;241
G5E9D4	169
Q9H7T9	45
Q69YI7	228
Q9NQS7-2	912;598
A0A075B6T1	36
Q9BSK4	338
A0A140TA73	120
W0Z7M9	391;534
Q3T8J9-3	828
P00491	211
K7EQY5	84
Q9UIF7-6	33
Q9Y241	19
P17066	514;350;528;359;79
Q96BU1-2	297;277
Q9BYD2	144
P63151	95
P55317-2	127
Q96MT3	612
O60930	119;241
H3BP71	767;884;458;477
F5H070	381
Q07666-3	169
E7EM64	74
Q8TBC5-2	203
Q75V66	97
Q71RC2-3	187;219
A0A0A0MQS0	254;141;35
A0A0M3HEQ9	312
O75386	268
P06737-2	29;480;696;3
Q8TDR2	362
Q5FWF4-3	834
P98182-3	26
K7ESP4	168
P06756-3	42;655
Q9UBZ4	430
Q9Y2P7	175
A2A2V2	154
Q14CB8-6	212
P18754-2	258
Q7Z2Z1-2	1590;618
Q13627-2	125
Q96C19	9
Q5JVF3-3	178
Q9NQZ2	209;408;134
Q969G3-2	271
Q6P4R8-3	1071;1236;148
Q9Y5K8	240
Q96SD1-2	236
Q7Z398	5
P51530-4	300
P07814	300
Q02386	218;305;117;277
A0A087X020	225
Q9BYC9	111
P55201-4	580
Q8N393-2	568
Q14CS0	90
Q5T890	102
Q96SK3-3	418
P31946-2	68
A8K0R7-5	595
X6RLT1	383
P17812	92;195;584
E7EXA6	227
P35270	247
P09601	243
P53396-2	230;12;272
Q9UK61-3	682;168
B4DVT3	244
Q16690	287
R4GMU7	21
Q9Y2F9	357
Q71SY5-5	534
Q8NEF9	308;69;169;190
Q13228	93
E9PJ24	552;380;764
Q96MX6	142
O15350-6	453;524
F5GYT8	145
P10155-3	359
O75844	314
Q5TA45-4	471
U3KQ03	9
E9PRD4	68
A0A087WX95	15
A8MX75	199
Q9UNP9-2	218;108
K7EIS6	192
M0QXB4	74
H0Y2X5	302
D6REW1	49
A0A087WXS7	72
P17032	310
Q8IVC4	228;206;308
Q96AE7-2	363
B4DI03	126
Q7Z340-2	34;90
A0A087WVD9	179
H3BLU7	105
Q9UI10-3	296
Q9C0G0	1364
H3BM14	63
P78536-2	173
Q6ZWJ1	168;396
O15392	91
Q99973-2	735
B7Z879	285
X6RAC9	76
B3KPJ4	316;247
Q96SI9-2	321
O96017	349;494
A0A0G2JNR6	459
E9PJF5	133
O43617	156
P53384-2	47
Q86VK4-3	220
O95470	431
F8W1Z2	180
Q562F6-2	944
P49841	183
Q99871-2	224;98
Q9H2P9	231
Q99613-2	867
W4VSQ9	110
P28749-2	885
Q9BW61	6
E9PL24	301
A0A0A0MQR1	411
Q7Z5G4-3	131
O43148-2	6
Q12789-3	521;530;382;1142
Q9BQF6-2	259
O60287	36
Q49AA0	53
J3QT39	547;368
Q6STE5	321
Q07864	136;431;1374
P63104	138;157
A0A075B762	702
P22695	159
Q9BPZ3	123
A0A0C4DG33	446;1147
E9PEK0	564
Q13330-3	492;108
Q9BWJ5	82
P31040-2	560
Q5JR08	135
Q9UHR4	155
P23378	977
E5RG17	130
Q9NQZ6-2	32
O14802	123
A0A0A0MRK6	227
Q7Z7E8	292
P35269	55
E9PIA8	99
Q5RL73	263
Q2M3X9-2	110
Q5T5J6	235
Q15029-2	159
Q2YD98	143
Q99567	435;150
P12081-4	383
A0A0A0MRC4	432
P30085	160
F2Z2K0	124
Q5JTH9-2	6
Q9UBD5-2	165
Q86UQ0	28;358
Q99504-5	245
O60870-2	3
E9PR76	74
P28070	201
O95995	146
Q9UH92-3	119
Q8TDD1-2	635
G3V5T9	129
H3BNC0	109
Q16352	88
O14709	136
J3KSW2	231
Q9H2F5-2	195
O95155-3	457
Q9NVW2	550
P51826	80
I3L2B0	248
Q12933-4	27
Q9BQ75-2	70
P25788-2	238
E7ER26	838
F8VXB0	6
I3L3S9	125
Q14147	772
Q01105-2	137
Q969S2-2	218
Q92613	357;111
Q03936-3	170
O00743-2	8
B3KVZ3	152
Q96L73-2	1580;1142
O43502	328
Q96PU8-5	26;190
A6NDF3	63
Q92989	325
Q9NWM8	34
P23497-4	300;387
P28799	428
Q5H9L4-2	335
A0A087WWZ6	24
Q96BD5-2	335
Q8IUF8-4	330
A0A087WW39	397
P35908	188
P32242	344
A0A087WUV9	279
Q96PQ6	137
Q05481-2	1072
J3QLI9	42
Q13247-3	182
E9PK52	144
A0A0A0MTS7	13316
Q14966-3	775
Q86Y25	198
Q99879	6
Q5TYW1	178
A9Z1X7	454
A0A0R4J2E4	919
Q6NT76-2	398
Q6NT76-5	217
G3V2J9	258
Q92766-2	203
Q13029-2	774
Q9NSC2-2	604
H3BPE1	5325;5326
Q99676	248;206;162;332
O00193	13
A0A0U1RRH6	863
O75529-2	303
Q9NTW7	544
J3QR09	187
G8JLB6	349
P27169	157
Q99612	73
Q8NG27	334
Q6ZR52-2	263
Q3B820-3	468
P26368-2	70
G3V4C1	218;215
Q8N823	396
Q14004-2	519
Q92908	484
Q96SQ5	511;336;392
B7Z6K7	335;226
Q03112-4	202
Q86YE8	361;400
Q9UJU3-2	884;800;25;670
Q86X95	340
Q13761	192
F5GYV5	191
Q6NX49	289;534;367;630;504;595;230;195
Q6ZN19-3	253;791;136
Q9UKT9-7	211;66
Q9NQX6	400;344
H7C316	226
C9JWY0	8
Q9NTW7-4	286
X5D2R7	258
Q9NRE2-2	817;797
F8VPL6	455
Q9Y3S2	204
P28698	723;595
F5H290	5
D6RCQ4	34
P52736-5	509;621;271;327
O60716-5	876
P23769	389
P57723	35
Q6UX04	237
P14316-2	258
Q6PJT7-9	99;283;489;722;684;628;352
A0A087WZX0	1307;485
Q9C009	2
Q86UT8	317
A0A0A0MRI1	306;182
H0Y818	408;384
Q9P227	854
A8MV65-2	126
Q13751	1109;705
P55263-3	162
Q08499-6	323
Q9NWQ4	105;146;472;148;328
Q5TEC3	2
Q8WWK9-5	197
A0A0C4DG89	779
Q8N184-1	416;486;430
P17020	253
Q7Z7J5	57
Q76FK4-4	222
P35555	1023;1017;2407;2821;2809;1033;2064;1043;2863;2246;54;2848;1317;2298;2805;612;799;666;1836;2851;2865;2069;568;599;904;1027;2388;278
P24844	151
Q9H788	105;327
Q5T8P6-2	112
Q86UW9-2	341
Q9UPW0-2	41
Q10589-2	100
F5H6R4	278;113
Q8N884-2	285
K7EMZ9	227
P51814-6	437
Q9H2G9	77;127
Q499Z4	381;210
Q9NQB0-9	452;443
A0A087WZG9	56
Q68DY9-2	334
P68366-2	321;97
Q15652-3	883;779;494;858
Q15170-2	96
Q8NEK5-2	473;254;338;247
E7EX44	410
H9KVB4	467
B4DDF4	223;19
Q9UQ84-4	784;482
M0QY62	366;342;200;128;548
Q9Y618-4	1575;1526;1399;2063
O43805	97
P17017	573
Q3KP31	191;130
A0A0A0MSW5	755
Q9P031	9
Q96JF6	237;566
Q9Y6R6	347
Q9BUY5	390;511
Q9NYT0	234
Q2VY69	154;344;481
Q12901	258;233;440
P52746	594;469;1466;1453;1507
P43356	11
F5H630	512;386;554
Q8TAQ5	622
Q9NVV9	18
Q06547-2	358
Q9H6I2	45
P0CJ78	361;210
Q5VV67-2	981;1523;895
P10646	269;293
Q8WUI4	160;382
P22736	381;300
Q9UKT4-2	306
Q6KB66-1	88;435;93
Q9C0F3	425
Q7RTV0	95
O75030-7	63;124
Q13886	238
J3KR51	118
A0A087X1G1	45
P20273-5	116
Q8IXX5	57
Q9NXT0-3	208
Q14588	457;317;233;64
P55265-5	279;374;263
P28347-2	95
Q8IZQ8-3	138
O95965	326
P10909-4	24
P35240-3	550
Q9HCJ5	602
Q5JX58	152
Q96JM7-2	155;455
Q17RW3	293
H0Y3T8	439;497
A0A0C4DGX1	109
A2RRD8	137;327;271
P58012	114
Q8NHY2-4	664
B2RTY4-5	1289
P55197-1	280
Q9NR12	238
P55268	1720
P26447	31
Q969S3	105
Q10471	530;103
Q14584	462
Q9Y6N6	1413
H0YL70	774
F5H8D7	225;216
A6NHJ4	132
Q6ZMS7-2	251
Q05D32-2	43
P0CJ79	191
Q9NWW7	538
I3L4Q4	125
O94916-2	207
Q96PM5-2	58
P07355	49;324
A0A087WTP3	121
P48681	811
C9JLU1	13
Q92804-2	265
Q9NR33	51
A0A0A0MT33	96
P31942-2	67
Q9UGU5	8
E5RJ98	14
P41743	234
D6R9A6	114
K7ENA8	9
Q00839-2	215
H3BQZ7	624
P50552	286
Q96RT1-7	506
Q56A73	121
O00629	6
P35789	563
Q719H9	252
Q9BQA5	335
O75467	135;196
P84022	36
Q96GD3	641
Q96KM6	448
Q96P11	103
Q9HAH7	8
Q9UL59	356
Q9UN86	281
O60361	85;109
P15259	100
Q96MW1	95
Q13451	422
Q7Z5L9-2	326
Q9H4Z2	819
Q96NL0	21
Q99878	119
E7EQT4	228
Q05516	242
P49716	120
P08235-3	399
P17544	118
Q15744	121
P10275	388;521
G3V2A2	21
P06400	720
